{
  "apply": "Primeni",
  "aria_label_data_file": "izaberite datoteku za {0}, trenutna datoteka: {1}",
  "choose_column": "Izbor kolone",
  "choose_type": "Izbor tipa",
  "column": "Kolona",
  "context_inputs": "Unosi konteksta",
  "control_container_height": "Visina kontejnera komponente",
  "control_container_width": "Širina kontejnera komponente",
  "data_inputs": "Unosi podataka",
  "data_outputs": "Izlazi podataka",
  "details": "Detalji",
  "enable_local_storage": "Omogućite localStorage u https://developer.mozilla.org/en-US/docs/Web/API/Web_Storage_API vašeg pregledača ako želite da sačuvate prilagođene unose.",
  "error_code": "Kôd greške",
  "error_http_get_resource": "PREUZIMANJE resursa „{0}“ je vraćeno sa statusom {1}",
  "error_parse_file": "Nije uspelo raščlanjivanje datoteke {0}",
  "error_parse_resource_string": "Greška u raščlanjivanju resursa „{0}“",
  "error_parsing_control_manifest": "Greška u raščlanjivanju manifesta: Nije moguće raščlaniti ControlManifest.xml.",
  "error_read_file": "Nije uspelo čitanje datoteke {0}",
  "error_resource_load": "Nije uspelo učitavanje resursa „{0}“",
  "error_resource_type_not_supported": "Resurs „{0}“ nije učitan je tip datoteke {1} nije podržan.",
  "form_factor": "Faktor obrasca",
  "function_parameters": "Parametri",
  "harness_header": "Okruženje za testiranje za PowerApps component framework",
  "invoke_method": "Pozvan je metod {0} na interfejsu {1}.",
  "loading_control": "Učitavanje kontrole...",
  "loading_harness": "Učitavanje korišćenja kontrole...",
  "local_storage_exceeds_quota": "Dosegnut je maksimalna veličina koju poseduje https://developer.mozilla.org/en-US/docs/Web/API/Web_Storage_API za localStorage – brisanje svih prethodno sačuvanih korisničkih unosa.",
  "local_storage_parse_error": "Nije moguće analizirati vrednosti za https://developer.mozilla.org/en-US/docs/Web/API/Web_Storage_API za localStorage. Izbegavajte ručno uređivanje vrednosti u usluzi localStorage.",
  "message": "Poruka",
  "no_file_chosen": "nije odabrana datoteka",
  "only_numbers_allowed": "Dozvoljeni su samo pozitivni celi brojevi",
  "out_of_range": "Vrednost je izvan opsega: {0} – {1}",
  "phone": "Telefon",
  "property": "Svojstvo",
  "property_missing_type": "Svojstvo nema atribut type-of niti atribut type-group",
  "resource_file_loaded": "Učitana je datoteka resursa „{0}“.",
  "row": "Red",
  "select_a_file": "Izaberite datoteku",
  "tablet": "Tablet",
  "type": "Tip",
  "unknown": "Nepoznato",
  "unknown_property_usage": "Svojstvo ima nepoznatu vrednost za atribut „usage“",
  "unrecognized_type_group": "Svojstvo upućuje na nepoznatu type-group „{0}“",
  "unsupported_platform_action": "nepodržana vrednost za action-type {0}",
  "use_ISO_format": "Korišćenje ISO formata",
  "value": "Vrednost",
  "web": "Veb"
}�и бројеви",
  "out_of_range": "Вредност је изван опсега: {0} – {1}",
  "phone": "Телефон",
  "property": "Својство",
  "property_missing_type": "Својство нема атрибут type-of нити атрибут type-group",
  "resource_file_loaded": "Учитана је датотека ресурса „{0}“.",
  "row": "Ред",
  "select_a_file": "Изаберите датотеку",
  "tablet": "Таблет",
  "type": "Тип",
  "unknown": "Непознато",
  "unknown_property_usage": "Својство има непознату вредност за атрибут „usage“",
  "unrecognized_type_group": "Својство упућује на непознату type-group „{0}“",
  "unsupported_platform_action": "неподржана вредност за action-type {0}",
  "use_ISO_format": "Коришћење ISO формата",
  "value": "Вредност",
  "web": "Веб"
}