{
  "apply": "Aplica",
  "aria_label_data_file": "seleccioneu un fitxer per a {0}, fitxer actual: {1}",
  "choose_column": "Trieu una columna",
  "choose_type": "Trieu un tipus",
  "column": "Columna",
  "context_inputs": "Entrades de context",
  "control_container_height": "Alçada del contenidor de components",
  "control_container_width": "Amplada del contenidor de components",
  "data_inputs": "Entrades de dades",
  "data_outputs": "Sortides de dades",
  "details": "Detalls",
  "enable_local_storage": "Habiliteu localStorage al vostre navegador https://developer.mozilla.org/en-US/docs/Web/API/Web_Storage_API si voleu conservar les entrades personalitzades.",
  "error_code": "Codi d'error",
  "error_http_get_resource": "L'operació per obtenir el recurs \"{0}\" ha tornat l'estat {1}",
  "error_parse_file": "No s'ha pogut analitzar el fitxer {0}",
  "error_parse_resource_string": "S'ha produït un error en analitzar el recurs \"{0}\"",
  "error_parsing_control_manifest": "Error d'anàlisi del manifest: no es pot analitzar ControlManifest.xml.",
  "error_read_file": "No s'ha pogut llegir el fitxer {0}",
  "error_resource_load": "No s'ha pogut carregar el recurs \"{0}\"",
  "error_resource_type_not_supported": "El recurs \"{0}\" no s'ha carregat perquè {1} no s'admet.",
  "form_factor": "Factor de forma",
  "function_parameters": "Paràmetres",
  "harness_header": "Entorn de prova del PowerApps component framework",
  "invoke_method": "S'ha invocat el mètode {0} a la interfície {1}.",
  "loading_control": "S'està carregant el control...",
  "loading_harness": "S'està carregant l'agent de control...",
  "local_storage_exceeds_quota": "S'ha assolit la mida màxima de localStorage https://developer.mozilla.org/en-US/docs/Web/API/Web_Storage_API. S'estan netejant totes les entrades de l'usuari emmagatzemades anteriorment.",
  "local_storage_parse_error": "No s'han pogut analitzar els valors de localStorage https://developer.mozilla.org/en-US/docs/Web/API/Web_Storage_API. Eviteu editar els valors manualment a localStorage.",
  "message": "Missatge",
  "no_file_chosen": "no s'ha escollit cap fitxer",
  "only_numbers_allowed": "Només es permeten números enters positius",
  "out_of_range": "Valor fora de l'interval: {0} a {1}",
  "phone": "Telèfon",
  "property": "Propietat",
  "property_missing_type": "La propietat no té l'atribut type-of ni type-group",
  "resource_file_loaded": "S'ha carregat el fitxer de recursos \"{0}\".",
  "row": "Fila",
  "select_a_file": "Seleccioneu un fitxer",
  "tablet": "Tauleta",
  "type": "Tipus",
  "unknown": "Desconegut",
  "unknown_property_usage": "La propietat té un valor desconegut per a l'atribut usage",
  "unrecognized_type_group": "La propietat fa referència a un type-group desconegut \"{0}\"",
  "unsupported_platform_action": "valor action-type no admès {0}",
  "use_ISO_format": "Utilitza el format ISO",
  "value": "Valor",
  "web": "Web"
}