{
  "apply": "Terapkan",
  "aria_label_data_file": "pilih file untuk {0}, file saat ini: {1}",
  "choose_column": "Pilih Kolom",
  "choose_type": "Pilih Jenis",
  "column": "Kolom",
  "context_inputs": "Input Konteks",
  "control_container_height": "Tinggi Kontainer Komponen",
  "control_container_width": "Lebar Kontainer Komponen",
  "data_inputs": "Input Data",
  "data_outputs": "Output Data",
  "details": "Detail",
  "enable_local_storage": "Aktifkan localStorage di browser https://developer.mozilla.org/en-US/docs/Web/API/Web_Storage_API jika Anda ingin mempertahankan input yang disesuaikan.",
  "error_code": "Kode Kesalahan",
  "error_http_get_resource": "DAPATKAN sumber daya '{0}' dikembalikan dengan status {1}",
  "error_parse_file": "Gagal mengurai file {0}",
  "error_parse_resource_string": "Kesalahan mengurai sumber daya '{0}'",
  "error_parsing_control_manifest": "Kesalahan Penguraian Manifes: Tidak dapat menguraikan ControlManifest.xml.",
  "error_read_file": "Gagal membaca file {0}",
  "error_resource_load": "Gagal memuat sumber daya '{0}'",
  "error_resource_type_not_supported": "Sumber daya '{0}' tidak dimuat karena {1} tidak didukung.",
  "form_factor": "Bentuk dan Ukuran",
  "function_parameters": "Parameter",
  "harness_header": "Lingkungan Pengujian PowerApps component framework",
  "invoke_method": "Metode yang dipicu {0} pada antarmuka {1}.",
  "loading_control": "Memuat kontrol...",
  "loading_harness": "Memuat harness kontrol...",
  "local_storage_exceeds_quota": "Mencapai ukuran maksimum localStorage https://developer.mozilla.org/en-US/docs/Web/API/Web_Storage_API - menghapus semua input pengguna yang sebelumnya tersimpan.",
  "local_storage_parse_error": "Tidak dapat menguraikan nilai di localStorage https://developer.mozilla.org/en-US/docs/Web/API/Web_Storage_API. Jangan edit nilai secara manual di localStorage.",
  "message": "Pesan",
  "no_file_chosen": "tidak ada file yang dipilih",
  "only_numbers_allowed": "Hanya bilangan bulat positif yang dibolehkan",
  "out_of_range": "Nilai di luar rentang: {0} sampai {1}",
  "phone": "Telepon",
  "property": "Properti",
  "property_missing_type": "Properti tidak memiliki atribut type-of maupun type-group",
  "resource_file_loaded": "File sumber daya '{0}' dimuat.",
  "row": "Baris",
  "select_a_file": "Pilih file",
  "tablet": "Tablet",
  "type": "Jenis",
  "unknown": "Tidak Diketahui",
  "unknown_property_usage": "Properti memiliki nilai yang tidak diketahui untuk atribut usage",
  "unrecognized_type_group": "Properti merujuk type-group yang tidak diketahui '{0}'",
  "unsupported_platform_action": "nilai action-type tidak didukung {0}",
  "use_ISO_format": "Gunakan format ISO",
  "value": "Nilai",
  "web": "Web"
}