{
  "apply": "החל",
  "aria_label_data_file": "בחר קובץ עבור {0}. הקובץ הנוכחי: {1}",
  "choose_column": "בחר עמודה",
  "choose_type": "בחר סוג",
  "column": "עמודה",
  "context_inputs": "קלט הקשר",
  "control_container_height": "גובה גורם מכיל של רכיב",
  "control_container_width": "רוחב גורם מכיל של רכיב",
  "data_inputs": "קלט נתונים",
  "data_outputs": "פלט נתונים",
  "details": "פרטים",
  "enable_local_storage": "הפוך את localStorage לזמין בדפדפן https://developer.mozilla.org/en-US/docs/Web/API/Web_Storage_API אם ברצונך לשמור פריטי קלט מותאמים אישית.",
  "error_code": "קוד שגיאה",
  "error_http_get_resource": "משאב GET‏ '{0}' חזר במצב {1}",
  "error_parse_file": "ניתוח הקובץ {0} נכשל",
  "error_parse_resource_string": "‏‏שגיאה בניתוח המשאב '{0}'",
  "error_parsing_control_manifest": "שגיאת בניתוח מניפסט: לא ניתן לנתח את ControlManifest.xml.",
  "error_read_file": "קריאת הקובץ {0} נכשלה",
  "error_resource_load": "טעינת המשאב '{0}' נכשלה",
  "error_resource_type_not_supported": "המשאב '{0}' לא נטען מכיוון ש- {1} אינה נתמכת.",
  "form_factor": "גורם צורה",
  "function_parameters": "פרמטרים",
  "harness_header": "סביבת בדיקה של PowerApps component framework",
  "invoke_method": "הופעלה פעולת השירות {0} בממשק {1}.",
  "loading_control": "טוען פקד...",
  "loading_harness": "טוען יישום אחראי לפקד...",
  "local_storage_exceeds_quota": "הגעת לגודל המקסימלי של localStorage ‏https://developer.mozilla.org/en-US/docs/Web/API/Web_Storage_API – מנקה את כל פריטי הקלט של המשתמש שאוחסנו בעבר.",
  "local_storage_parse_error": "לא היתה אפשרות לנתח ערכים ב- localStorage ‏https://developer.mozilla.org/en-US/docs/Web/API/Web_Storage_API. הימנע מעריכה ידנית של ערכים ב- localStorage.",
  "message": "הודעה",
  "no_file_chosen": "לא נבחר קובץ",
  "only_numbers_allowed": "רק מספרים שלמים חיוביים מותרים",
  "out_of_range": "‏‏ערך מחוץ לטווח: {0} עד {1}",
  "phone": "טלפון",
  "property": "מאפיין",
  "property_missing_type": "למאפיין אין תכונת type-of ותכונת type-group",
  "resource_file_loaded": "קובץ המשאב '{0}' נטען.",
  "row": "שורה",
  "select_a_file": "בחר קובץ",
  "tablet": "Tablet",
  "type": "סוג",
  "unknown": "לא ידוע",
  "unknown_property_usage": "למאפיין יש ערך לא ידוע עבור התכונה usage",
  "unrecognized_type_group": "המאפיין מפנה ל- type-group לא ידוע '{0}'",
  "unsupported_platform_action": "פעולת action-type לא נתמכת {0}",
  "use_ISO_format": "השתמש בתבנית ISO",
  "value": "ערך",
  "web": "אינטרנט"
}