{
  "apply": "Anvend",
  "aria_label_data_file": "vælg en fil til {0}, aktuel fil: {1}",
  "choose_column": "Vælg en kolonne",
  "choose_type": "Vælg en type",
  "column": "Kolonne",
  "context_inputs": "Kontekstinput",
  "control_container_height": "Højde på komponentbeholder",
  "control_container_width": "Bredde på komponentbeholder",
  "data_inputs": "Datainput",
  "data_outputs": "Dataoutput",
  "details": "Detaljer",
  "enable_local_storage": "Aktivér localStorage i din browser https://developer.mozilla.org/en-US/docs/Web/API/Web_Storage_API, hvis du vil bevare tilpasset input.",
  "error_code": "Fejlkode",
  "error_http_get_resource": "Hent ressourcen '{0}' blev returneret med status {1}",
  "error_parse_file": "Filen {0} kunne ikke fortolkes",
  "error_parse_resource_string": "Fejl under parsing af ressourcen '{0}'",
  "error_parsing_control_manifest": "Fejl ved parsing af manifest: ControlManifest.xml kan ikke parses.",
  "error_read_file": "Filen {0} kunne ikke læses",
  "error_resource_load": "Ressourcen '{0}' blev ikke indlæst",
  "error_resource_type_not_supported": "Ressourcen '{0}'blev ikke indlæst, fordi {1} ikke understøttes.",
  "form_factor": "Formfaktor",
  "function_parameters": "Parametre",
  "harness_header": "PowerApps Component Framework-testmiljø",
  "invoke_method": "Aktiverede metoden {0} på grænsefladen {1}.",
  "loading_control": "Indlæser kontrolelement...",
  "loading_harness": "Indlæser kontrolelementfastgørelse...",
  "local_storage_exceeds_quota": "Maksimumstørrelsen på localStorage blev nået https://developer.mozilla.org/en-US/docs/Web/API/Web_Storage_API – rydder af alle tidligere gemte brugerinput.",
  "local_storage_parse_error": "Værdierne i localStorage kunne ikke opdeles https://developer.mozilla.org/en-US/docs/Web/API/Web_Storage_API. Undgå manuel redigering af værdier i localStorage.",
  "message": "Meddelelse",
  "no_file_chosen": "der er ikke valgt nogen fil",
  "only_numbers_allowed": "Kun positive heltal er tilladt",
  "out_of_range": "Værdien er uden for området: {0} til {1}",
  "phone": "Telefon",
  "property": "Egenskab",
  "property_missing_type": "Egenskaben har hverken attributterne type-of eller type-group",
  "resource_file_loaded": "Ressourcefilen '{0}' blev indlæst.",
  "row": "Række",
  "select_a_file": "Vælg en fil",
  "tablet": "Tablet",
  "type": "Type",
  "unknown": "Ukendt",
  "unknown_property_usage": "Egenskaben har en ukendt værdi for attributten usage",
  "unrecognized_type_group": "Egenskaben refererer til den ukendte type-group '{0}'",
  "unsupported_platform_action": "ikke-understøttet action-type-værdi {0}",
  "use_ISO_format": "Brug ISO-format",
  "value": "Værdi",
  "web": "Internet"
}