{
  "apply": "Primijeni",
  "aria_label_data_file": "odaberite datoteku za {0}, trenutna datoteka: {1}",
  "choose_column": "Odaberi stupac",
  "choose_type": "Odaberi vrstu",
  "column": "Stupac",
  "context_inputs": "Kontekstni unosi",
  "control_container_height": "Visina spremnika komponente",
  "control_container_width": "Širina spremnika komponente",
  "data_inputs": "Unosi podataka",
  "data_outputs": "Izlazi podataka",
  "details": "Detalji",
  "enable_local_storage": "Omogućite pohranu localStorage u svojem pregledniku https://developer.mozilla.org/en-US/docs/Web/API/Web_Storage_API ako želite sačuvati prilagođene unose.",
  "error_code": "Kod pogreške",
  "error_http_get_resource": "GET resurs „{0}” vratio se sa statusom {1}",
  "error_parse_file": "Raščlanjivanje datoteke {0} nije uspjelo",
  "error_parse_resource_string": "Pogreška pri raščlanjivanju resursa „{0}”",
  "error_parsing_control_manifest": "Pogreška pri raščlanjivanju manifesta: nije moguće raščlaniti ControlManifest.xml.",
  "error_read_file": "Čitanje datoteke {0} nije uspjelo",
  "error_resource_load": "Učitavanje resursa „{0}” nije uspjelo",
  "error_resource_type_not_supported": "Resurs „{0}” nije učitan jer {1} nije podržan.",
  "form_factor": "Format hardvera",
  "function_parameters": "Parametri",
  "harness_header": "Testno okruženje za PowerApps component framework",
  "invoke_method": "Pozvana metoda {0} na sučelju {1}.",
  "loading_control": "Učitavanje kontrole...",
  "loading_harness": "Učitavanje upravljačkog svežnja...",
  "local_storage_exceeds_quota": "Dosegnuta je maksimalna veličina pohrane localStorage https://developer.mozilla.org/en-US/docs/Web/API/Web_Storage_API – čišćenje svih prethodno spremljenih korisničkih unosa.",
  "local_storage_parse_error": "Nije bilo moguće raščlaniti vrijednosti u pohrani localStorage https://developer.mozilla.org/en-US/docs/Web/API/Web_Storage_API. Izbjegavajte ručno uređivanje vrijednosti u pohrani localStorage.",
  "message": "Poruka",
  "no_file_chosen": "nije odabrana nijedna datoteka",
  "only_numbers_allowed": "Dopušteni su samo pozitivni cijeli brojevi",
  "out_of_range": "Vrijednost izvan raspona: {0} do {1}",
  "phone": "Telefon",
  "property": "Svojstvo",
  "property_missing_type": "Svojstvo nema ni jedno ni drugo type-of ni type-group atribut",
  "resource_file_loaded": "Datoteka resursa „{0}” učitana.",
  "row": "Redak",
  "select_a_file": "Odabir datoteke",
  "tablet": "Tablet",
  "type": "Vrsta",
  "unknown": "Nepoznato",
  "unknown_property_usage": "Svojstvo ima nepoznatu vrijednost za atribut usage",
  "unrecognized_type_group": "Referenca svojstva nepoznata type-group „{0}”",
  "unsupported_platform_action": "nepodržana vrijednost action-type {0}",
  "use_ISO_format": "Koristite ISO format",
  "value": "Vrijednost",
  "web": "Web"
}