{
  "apply": "適用",
  "aria_label_data_file": "{0} のファイルを選択します、現在のファイル: {1}",
  "choose_column": "列の選択",
  "choose_type": "種類の選択",
  "column": "列",
  "context_inputs": "コンテキストの入力",
  "control_container_height": "コンポーネント コンテナーの高さ",
  "control_container_width": "コンポーネント コンテナーの幅",
  "data_inputs": "データの入力",
  "data_outputs": "データの出力",
  "details": "詳細",
  "enable_local_storage": "カスタマイズされた入力を保持する場合は、ブラウザーで localStorage https://developer.mozilla.org/en-US/docs/Web/API/Web_Storage_API を有効にしてください。",
  "error_code": "エラー コード",
  "error_http_get_resource": "リソース '{0}' の GET が状態 {1} で戻りました",
  "error_parse_file": "ファイル {0} を解析できませんでした",
  "error_parse_resource_string": "リソース '{0}' の解析中にエラーが発生しました",
  "error_parsing_control_manifest": "Manifest 解析エラー: ControlManifest.xml を解析できません。",
  "error_read_file": "ファイル {0} を読み取れませんでした",
  "error_resource_load": "リソース '{0}' を読み込むことができませんでした",
  "error_resource_type_not_supported": "リソース '{0}' は読み込まれませんでした。{1} はサポートされていません。",
  "form_factor": "フォーム ファクター",
  "function_parameters": "パラメーター",
  "harness_header": "PowerApps component framework のテスト環境",
  "invoke_method": "{1} インターフェイスで {0} メソッドを呼び出しました。",
  "loading_control": "コントロールを読み込んでいます...",
  "loading_harness": "コントロール ハーネスを読み込んでいます...",
  "local_storage_exceeds_quota": "localStorage https://developer.mozilla.org/en-US/docs/Web/API/Web_Storage_API の最大サイズを超えました。以前保存したすべてのユーザー入力をクリアしています。",
  "local_storage_parse_error": "localStorage https://developer.mozilla.org/en-US/docs/Web/API/Web_Storage_API の値を解析できませんでした。localStorage の値を手動で編集しないようにしてください。",
  "message": "メッセージ",
  "no_file_chosen": "ファイルが選択されていません",
  "only_numbers_allowed": "正の整数のみ許可",
  "out_of_range": "範囲外の値: {0} から {1}",
  "phone": "電話番号",
  "property": "プロパティ",
  "property_missing_type": "プロパティは type-group 属性と type-of 属性のどちらでもありません",
  "resource_file_loaded": "リソース ファイル '{0}' が読み込まれました。",
  "row": "行",
  "select_a_file": "ファイルの選択",
  "tablet": "タブレット PC",
  "type": "種類",
  "unknown": "不明",
  "unknown_property_usage": "プロパティの usage 属性に不明な値が含まれています",
  "unrecognized_type_group": "プロパティが不明な type-group '{0}' を参照しています",
  "unsupported_platform_action": "action-type の値 {0} には対応していません",
  "use_ISO_format": "ISO 形式の使用",
  "value": "値",
  "web": "Web"
}