{
  "apply": "Applica",
  "aria_label_data_file": "seleziona un file per {0}, file corrente: {1}",
  "choose_column": "Scegli una colonna",
  "choose_type": "Scegli un tipo",
  "column": "Colonna",
  "context_inputs": "Input contesto",
  "control_container_height": "Altezza contenitore componente",
  "control_container_width": "Larghezza contenitore componente",
  "data_inputs": "Input dati",
  "data_outputs": "Output dati",
  "details": "Dettagli",
  "enable_local_storage": "Abilita localStorage nel browser https://developer.mozilla.org/en-US/docs/Web/API/Web_Storage_API se desideri mantenere gli input personalizzati.",
  "error_code": "Codice errore",
  "error_http_get_resource": "Risorsa GET \"{0}\" restituita con stato {1}",
  "error_parse_file": "Impossibile analizzare file {0}",
  "error_parse_resource_string": "Errore durante l'analisi della risorsa \"{0}\"",
  "error_parsing_control_manifest": "Errore di analisi del manifesto: impossibile analizzare ControlManifest.xml.",
  "error_read_file": "Impossibile leggere il file {0}",
  "error_resource_load": "Impossibile caricare la risorsa \"{0}\"",
  "error_resource_type_not_supported": "Risorsa \"{0}\" non caricata perché {1} non è supportato.",
  "form_factor": "Fattore di forma",
  "function_parameters": "Parametri",
  "harness_header": "Ambiente di test per PowerApps component framework",
  "invoke_method": "Metodo {0} richiamato sull'interfaccia {1}.",
  "loading_control": "Caricamento del controllo in corso...",
  "loading_harness": "Caricamento harness del controllo in corso...",
  "local_storage_exceeds_quota": "Hai raggiunto le dimensioni massime di localStorage https://developer.mozilla.org/en-US/docs/Web/API/Web_Storage_API - Cancellazione di tutti gli input utente precedentemente archiviati in corso.",
  "local_storage_parse_error": "Impossibile analizzare i valori in localStorage https://developer.mozilla.org/en-US/docs/Web/API/Web_Storage_API. Evita di modificare manualmente i valori in localStorage.",
  "message": "Messaggio",
  "no_file_chosen": "nessun file scelto",
  "only_numbers_allowed": "Sono consentiti solo numeri interi positivi",
  "out_of_range": "Valore fuori intervallo: da {0} a {1}",
  "phone": "Telefono",
  "property": "Proprietà",
  "property_missing_type": "La proprietà non include gli attributi type-of e type-group",
  "resource_file_loaded": "File di risorsa \"{0}\" caricato.",
  "row": "Riga",
  "select_a_file": "Seleziona un file",
  "tablet": "Tablet",
  "type": "Tipo",
  "unknown": "Sconosciuto",
  "unknown_property_usage": "La proprietà include un valore sconosciuto per l'attributo usage",
  "unrecognized_type_group": "La proprietà fa riferimento a un type-group \"{0}\" sconosciuto",
  "unsupported_platform_action": "valore action-type {0} non supportato",
  "use_ISO_format": "Utilizza formato ISO",
  "value": "Valore",
  "web": "Web"
}