{
  "apply": "Taikyti",
  "aria_label_data_file": "pasirinkite failą, skirtą {0}, dabartinis failas: {1}",
  "choose_column": "Pasirinkite stulpelį",
  "choose_type": "Pasirinkite tipą",
  "column": "Stulpelis",
  "context_inputs": "Kontekstinės įvestys",
  "control_container_height": "Komponento konteinerio aukštis",
  "control_container_width": "Komponento konteinerio plotis",
  "data_inputs": "Duomenų įvestys",
  "data_outputs": "Duomenų išvestys",
  "details": "Išsami informacija",
  "enable_local_storage": "Įjunkite „localStorage“ savo naršyklėje https://developer.mozilla.org/en-US/docs/Web/API/Web_Storage_API, jei norite išsaugoti tinkintas įvestis.",
  "error_code": "Klaidos kodas",
  "error_http_get_resource": "GAUTI išteklių „{0}“, grąžintą su būsena {1}",
  "error_parse_file": "Nepavyko išanalizuoti failo {0}",
  "error_parse_resource_string": "Analizuojant išteklių „{0}“ įvyko klaida",
  "error_parsing_control_manifest": "Deklaracijos analizės klaida: nepavyksta analizuoti ControlManifest.xml.",
  "error_read_file": "Nepavyko perskaityti failo {0}",
  "error_resource_load": "Nepavyko įkelti ištekliaus „{0}“",
  "error_resource_type_not_supported": "Išteklius „{0}“ neįkeltas, nes {1} nepalaikomas.",
  "form_factor": "Formos koeficientas",
  "function_parameters": "Parametrai",
  "harness_header": "Bandomoji „PowerApps component framework“ aplinka",
  "invoke_method": "Iškviestas {0} metodas {1} sąsajoje.",
  "loading_control": "Įkeliamas valdiklis...",
  "loading_harness": "Įkeliami valdiklio įrenginiai...",
  "local_storage_exceeds_quota": "Pasiektas didžiausias „localStorage“ https://developer.mozilla.org/en-US/docs/Web/API/Web_Storage_API dydis – išvalomos visos anksčiau saugomos vartotojo įvestys.",
  "local_storage_parse_error": "Nepavyko išanalizuoti reikšmių „localStorage“ https://developer.mozilla.org/en-US/docs/Web/API/Web_Storage_API. Neredaguokite reikšmių „localStorage“ rankiniu būdu.",
  "message": "Pranešimas",
  "no_file_chosen": "nepasirinktas joks failas",
  "only_numbers_allowed": "Leidžiami tik teigiami sveikieji skaičiai",
  "out_of_range": "Reikšmė nepatenka į diapazoną: {0}–{1}",
  "phone": "Telefonas",
  "property": "Ypatybė",
  "property_missing_type": "Ypatybė neturi nei „type-of“, nei „type-group“ atributo",
  "resource_file_loaded": "Išteklių failas „{0}“ įkeltas.",
  "row": "Eilutė",
  "select_a_file": "Pasirinkti failą",
  "tablet": "Planšetinis kompiuteris",
  "type": "Tipas",
  "unknown": "Nežinoma",
  "unknown_property_usage": "„usage“ atributo ypatybės reikšmė yra nežinoma",
  "unrecognized_type_group": "Ypatybė nurodo nežinomą „type-group“ „{0}“",
  "unsupported_platform_action": "nepalaikoma „action-type“ reikšmė {0}",
  "use_ISO_format": "Naudoti ISO formatą",
  "value": "Reikšmė",
  "web": "Žiniatinklis"
}