{
  "apply": "Қолдану",
  "aria_label_data_file": "{0} үшін файлды таңдаңыз, ағымдағы файл: {1}",
  "choose_column": "Бағанды таңдаңыз",
  "choose_type": "Түрін таңдаңыз",
  "column": "Баған",
  "context_inputs": "Мәтінмәндік енгізулер",
  "control_container_height": "Құрамдас контейнерінің биіктігі",
  "control_container_width": "Құрамдас контейнерінің ені",
  "data_inputs": "Күн енгізулері",
  "data_outputs": "Күн шығыстары",
  "details": "Мәліметтер",
  "enable_local_storage": "Реттелген кірістерді сақтау үшін шолғышта https://developer.mozilla.org/en-US/docs/Web/API/Web_Storage_API localStorage сақтау орнын қосыңыз.",
  "error_code": "Қате коды",
  "error_http_get_resource": "{1} күйімен қайтарылған \"{0}\" ресурсын АЛУ",
  "error_parse_file": "{0} файлын талдау сәтсіз аяқталды",
  "error_parse_resource_string": "\"{0}\" ресурсын талдау кезінде қате пайда болды",
  "error_parsing_control_manifest": "Манифест талдау қатесі: ControlManifest.xml файлын талдау мүмкін емес.",
  "error_read_file": "{0} файлын оқу сәтсіз аяқталды",
  "error_resource_load": "\"{0}\" ресурсын жүктеу сәтсіз аяқталды",
  "error_resource_type_not_supported": "{1} қолдау көрсетілмейтіндіктен \"{0}\" ресурсы жүктелген жоқ.",
  "form_factor": "Пішін шарты",
  "function_parameters": "Параметрлер",
  "harness_header": "PowerApps component framework сынақ ортасы",
  "invoke_method": "{1} интерфейсінде {0} әдісі шақырылды.",
  "loading_control": "Басқару элементі жүктелуде...",
  "loading_harness": "Басқару элементінің бумасы жүктелуде...",
  "local_storage_exceeds_quota": "localStorage https://developer.mozilla.org/en-US/docs/Web/API/Web_Storage_API сақтау орнының максималды өлшеміне жетті - бұрын сақталған барлық пайдаланушы кірістерін тазалау.",
  "local_storage_parse_error": "localStorage ішіндегі мәндерді талдау мүмкін болмады https://developer.mozilla.org/en-US/docs/Web/API/Web_Storage_API. LocalStorage ішіндегі мәндерді қолмен өңдеуден аулақ болыңыз.",
  "message": "Хабар",
  "no_file_chosen": "файл таңдалған жоқ",
  "only_numbers_allowed": "Тек оң бүтін сандарға рұқсат етіледі",
  "out_of_range": "Мән келесі ауқымнан тыс: {0}-{1}",
  "phone": "Телефон",
  "property": "Сипат",
  "property_missing_type": "Сипаттың type-of немесе type-group атрибуты жоқ",
  "resource_file_loaded": "\"{0}\" ресурс файлы жүктелді.",
  "row": "Жол",
  "select_a_file": "Файлды таңдау",
  "tablet": "Планшет",
  "type": "Түрі",
  "unknown": "Белгісіз",
  "unknown_property_usage": "Сипат usage атрибуты үшін белгісіз мәнге ие",
  "unrecognized_type_group": "Сипат белгісіз type-group \"{0}\" түріне сілтеме жасайды",
  "unsupported_platform_action": "қолдау көрсетілмейтін action-type мәні {0}",
  "use_ISO_format": "ISO пішімін пайдаланыңыз",
  "value": "Мән",
  "web": "Веб"
}