{
  "apply": "Применить",
  "aria_label_data_file": "выберите файл для {0}, текущий файл: {1}",
  "choose_column": "Выберите столбец",
  "choose_type": "Выберите тип",
  "column": "Столбец",
  "context_inputs": "Входные данные контекста",
  "control_container_height": "Высота контейнера компонентов",
  "control_container_width": "Ширина контейнера компонентов",
  "data_inputs": "Входные данные",
  "data_outputs": "Выходные данные",
  "details": "Подробно",
  "enable_local_storage": "Включите localStorage в браузере https://developer.mozilla.org/en-US/docs/Web/API/Web_Storage_API, если вы хотите сохранить настраиваемые входные данные.",
  "error_code": "Код ошибки",
  "error_http_get_resource": "Ресурс GET '{0}' вернулся со статусом {1}",
  "error_parse_file": "Не удалось проанализировать файл {0}",
  "error_parse_resource_string": "Ошибка при анализе ресурса '{0}'",
  "error_parsing_control_manifest": "Ошибка при анализе манифеста: невозможно проанализировать ControlManifest.xml.",
  "error_read_file": "Не удалось считать файл {0}",
  "error_resource_load": "Не удалось загрузить ресурс '{0}'",
  "error_resource_type_not_supported": "Ресурс '{0}' не загружен, поскольку {1} не поддерживается.",
  "form_factor": "Форм-фактор",
  "function_parameters": "Параметры",
  "harness_header": "Тестовая среда PowerApps component framework",
  "invoke_method": "Вызванный метод {0} в интерфейсе {1}.",
  "loading_control": "Загрузка элемента управления...",
  "loading_harness": "Загрузка окружения элемента управления...",
  "local_storage_exceeds_quota": "Достигнут предельный размер localStorage https://developer.mozilla.org/en-US/docs/Web/API/Web_Storage_API — все ранее сохраненные входные данные будут удалены.",
  "local_storage_parse_error": "Не удалось проанализировать значения в localStorage https://developer.mozilla.org/en-US/docs/Web/API/Web_Storage_API. Старайтесь не изменять значения в localStorage вручную.",
  "message": "Сообщение",
  "no_file_chosen": "файл не выбран",
  "only_numbers_allowed": "Допустимы только положительные целые числа",
  "out_of_range": "Значение выходит за пределы диапазона: {0} – {1}",
  "phone": "Телефон",
  "property": "Свойство",
  "property_missing_type": "Свойство не имеет атрибутов type-of и type-group.",
  "resource_file_loaded": "Файл ресурса '{0}' загружен.",
  "row": "Строка",
  "select_a_file": "Выберите файл",
  "tablet": "Планшет",
  "type": "Тип",
  "unknown": "Неизвестно",
  "unknown_property_usage": "Свойство имеет неизвестное значение для атрибута usage",
  "unrecognized_type_group": "Свойство ссылается на неизвестный атрибут type-group '{0}'",
  "unsupported_platform_action": "неподдерживаемое значение action-type {0}",
  "use_ISO_format": "Использовать формат ISO",
  "value": "Значение",
  "web": "Интернет"
}