{
  "apply": "Застосувати",
  "aria_label_data_file": "виберіть файл для {0}, поточний файл: {1}",
  "choose_column": "Виберіть стовпець",
  "choose_type": "Виберіть тип",
  "column": "Стовпець",
  "context_inputs": "Контекстні вводи",
  "control_container_height": "Висота контейнера компонента",
  "control_container_width": "Ширина контейнера компонента",
  "data_inputs": "Вводи даних",
  "data_outputs": "Виводи даних",
  "details": "Відомості",
  "enable_local_storage": "Увімкніть локальне сховище в браузері https://developer.mozilla.org/en-US/docs/Web/API/Web_Storage_API, щоб зберегти настроювані вхідні дані.",
  "error_code": "Код помилки",
  "error_http_get_resource": "Ресурс GET \"{0}\" повернуто зі станом {1}",
  "error_parse_file": "Не вдалося проаналізувати файл {0}",
  "error_parse_resource_string": "Помилка аналізу ресурсу \"{0}\"",
  "error_parsing_control_manifest": "Помилка аналізу маніфесту: не вдалося проаналізувати ControlManifest.xml.",
  "error_read_file": "Не вдалося прочитати файл {0}",
  "error_resource_load": "Не вдалося завантажити ресурс \"{0}\"",
  "error_resource_type_not_supported": "Ресурс \"{0}\" не завантажено, оскільки {1} не підтримується.",
  "form_factor": "Форм-фактор",
  "function_parameters": "Параметри",
  "harness_header": "Середовище тестування PowerApps component framework",
  "invoke_method": "Викликано метод {0} в інтерфейсі {1}.",
  "loading_control": "Завантаження елемента керування...",
  "loading_harness": "Завантаження оточення елемента керування…",
  "local_storage_exceeds_quota": "Досягнуто максимального розміру локального сховища https://developer.mozilla.org/en-US/docs/Web/API/Web_Storage_API – видаляються всі раніше збережені настроювані вхідні дані.",
  "local_storage_parse_error": "Не вдалося виконати синтаксичний аналіз значень у локальному сховищі https://developer.mozilla.org/en-US/docs/Web/API/Web_Storage_API. Не змінюйте значення в локальному сховищі вручну.",
  "message": "Повідомлення",
  "no_file_chosen": "не вибрано файл",
  "only_numbers_allowed": "Дозволено лише додатні цілі числа",
  "out_of_range": "Значення поза діапазоном: від {0} до {1}",
  "phone": "Телефон",
  "property": "Властивість",
  "property_missing_type": "Властивість не має атрибута type-of або type-group",
  "resource_file_loaded": "Файл ресурсу \"{0}\" завантажено.",
  "row": "Рядок",
  "select_a_file": "Виберіть файл",
  "tablet": "Планшет",
  "type": "Тип",
  "unknown": "Невідомо",
  "unknown_property_usage": "Властивість має невідоме значення атрибута usage",
  "unrecognized_type_group": "Властивість посилається на невідомий type-group \"{0}\"",
  "unsupported_platform_action": "непідтримуване значення action-type {0}",
  "use_ISO_format": "Використовувати формат ISO",
  "value": "Значення",
  "web": "Інтернет"
}