{
  "apply": "套用",
  "aria_label_data_file": "選取 {0} 的檔案，目前檔案: {1}",
  "choose_column": "選擇一欄",
  "choose_type": "選擇類型",
  "column": "欄",
  "context_inputs": "內容輸入",
  "control_container_height": "元件容器高度",
  "control_container_width": "元件容器寬度",
  "data_inputs": "資料輸入",
  "data_outputs": "資料輸出",
  "details": "詳細資料",
  "enable_local_storage": "如果您想要保留自訂輸入，請在瀏覽器中啟用 localStorage https://developer.mozilla.org/en-US/docs/Web/API/Web_Storage_API。",
  "error_code": "錯誤碼",
  "error_http_get_resource": "取得狀態為 {1} 的已傳回資源 '{0}'",
  "error_parse_file": "無法剖析檔案 {0}",
  "error_parse_resource_string": "剖析資源 '{0}' 時發生錯誤",
  "error_parsing_control_manifest": "資訊清單剖析錯誤: 無法剖析 ControlManifest.xml。",
  "error_read_file": "無法讀取檔案 {0}",
  "error_resource_load": "無法載入資源 '{0}'",
  "error_resource_type_not_supported": "資源 '{0}' 未載入，因為 {1} 不受支援。",
  "form_factor": "外形規格",
  "function_parameters": "參數",
  "harness_header": "PowerApps component framework 測試環境",
  "invoke_method": "已叫用 {1} 介面上的方法 {0}。",
  "loading_control": "正在載入控制項...",
  "loading_harness": "正在載入控制項載入器...",
  "local_storage_exceeds_quota": "已達 localStorage https://developer.mozilla.org/en-US/docs/Web/API/Web_Storage_API 的大小上限 - 正在清除所有先前儲存的使用者輸入。",
  "local_storage_parse_error": "無法剖析 localStorage https://developer.mozilla.org/en-US/docs/Web/API/Web_Storage_API 中的值。請避免手動編輯 localStorage 中的值。",
  "message": "訊息",
  "no_file_chosen": "未選擇檔案",
  "only_numbers_allowed": "只允許正整數",
  "out_of_range": "數值超出範圍: {0} 到 {1}",
  "phone": "電話",
  "property": "屬性",
  "property_missing_type": "屬性 (Property) 既沒有 type-of 也沒有 type-group 屬性 (Attribute)",
  "resource_file_loaded": "資源檔案 '{0}' 已載入。",
  "row": "列",
  "select_a_file": "選取檔案",
  "tablet": "平板電腦",
  "type": "類型",
  "unknown": "不明",
  "unknown_property_usage": "屬性 (Property) 的 usage 屬性 (Attribute) 有不明的值",
  "unrecognized_type_group": "屬性參照不明的 type-group '{0}'",
  "unsupported_platform_action": "不支援的 action-type 值 {0}",
  "use_ISO_format": "使用 ISO 格式",
  "value": "值",
  "web": "Web"
}