{
  "apply": "Aplicar",
  "aria_label_data_file": "seleccione un archivo para {0}, archivo actual: {1}",
  "choose_column": "Elija una columna",
  "choose_type": "Elija un tipo",
  "column": "Columna",
  "context_inputs": "Entradas de contexto",
  "control_container_height": "Alto del contenedor de componente",
  "control_container_width": "Ancho del contenedor de componente",
  "data_inputs": "Entradas de datos",
  "data_outputs": "Salidas de datos",
  "details": "Detalles",
  "enable_local_storage": "Habilite localStorage en el explorador https://developer.mozilla.org/en-US/docs/Web/API/Web_Storage_API si desea conservar las entradas personalizadas.",
  "error_code": "Código de error",
  "error_http_get_resource": "La operación para obtener el recurso '{0}' devolvió el estado {1}",
  "error_parse_file": "No se pudo analizar el archivo {0}",
  "error_parse_resource_string": "Error al analizar el recurso '{0}'",
  "error_parsing_control_manifest": "Error al analizar Manifest: no se puede analizar ControlManifest.xml.",
  "error_read_file": "No se pudo leer el archivo {0}",
  "error_resource_load": "No se pudo cargar el recurso '{0}'",
  "error_resource_type_not_supported": "El recurso '{0}' no se cargó porque {1} no se admite.",
  "form_factor": "Factor de forma",
  "function_parameters": "Parámetros",
  "harness_header": "Entorno de prueba de PowerApps component framework",
  "invoke_method": "Se invocó el método {0} en la interfaz {1}.",
  "loading_control": "Cargando control...",
  "loading_harness": "Cargando agente del control...",
  "local_storage_exceeds_quota": "Se alcanzó el tamaño máximo de localStorage https://developer.mozilla.org/en-US/docs/Web/API/Web_Storage_API; borrando todas las entradas de usuario almacenadas previamente.",
  "local_storage_parse_error": "No se pudieron analizar los valores de localStorage https://developer.mozilla.org/en-US/docs/Web/API/Web_Storage_API. Evite editar manualmente los valores de localStorage.",
  "message": "Mensaje",
  "no_file_chosen": "no se ha elegido ningún archivo",
  "only_numbers_allowed": "Solo se permiten números enteros positivos",
  "out_of_range": "El valor está fuera del intervalo: de {0} a {1}",
  "phone": "Teléfono",
  "property": "Propiedad",
  "property_missing_type": "La propiedad no tiene los atributos type-of o type-group",
  "resource_file_loaded": "Archivo de recursos '{0}' cargado.",
  "row": "Fila",
  "select_a_file": "Seleccionar un archivo",
  "tablet": "Tableta",
  "type": "Tipo",
  "unknown": "Desconocido",
  "unknown_property_usage": "La propiedad tiene un valor desconocido para el atributo usage",
  "unrecognized_type_group": "La propiedad hace referencia a un type-group '{0}' desconocido",
  "unsupported_platform_action": "valor action-type no admitido {0}",
  "use_ISO_format": "Usar formato ISO",
  "value": "Valor",
  "web": "Web"
}