{
  "apply": "应用",
  "aria_label_data_file": "为 {0} 选择一个文件，当前文件: {1}",
  "choose_column": "选择列",
  "choose_type": "选择类型",
  "column": "列",
  "context_inputs": "上下文输入",
  "control_container_height": "组件容器高度",
  "control_container_width": "组件容器宽度",
  "data_inputs": "数据输入",
  "data_outputs": "数据输出",
  "details": "详细信息",
  "enable_local_storage": "如果要保留自定义输入，请在您的浏览器中启用 localStorage https://developer.mozilla.org/en-US/docs/Web/API/Web_Storage_API。",
  "error_code": "错误代码",
  "error_http_get_resource": "获取资源“{0}”命令返回状态 {1}",
  "error_parse_file": "无法分析文件 {0}",
  "error_parse_resource_string": "分析资源“{0}”时出错",
  "error_parsing_control_manifest": "清单分析错误: 无法分析 ControlManifest.xml。",
  "error_read_file": "无法读取文件 {0}",
  "error_resource_load": "无法加载资源“{0}”",
  "error_resource_type_not_supported": "不支持 {1}，因此未加载资源“{0}”。",
  "form_factor": "外形规格",
  "function_parameters": "参数",
  "harness_header": "PowerApps component framework 测试环境",
  "invoke_method": "在接口 {1} 上调用了方法 {0}。",
  "loading_control": "正在加载控件...",
  "loading_harness": "正在加载控件工具...",
  "local_storage_exceeds_quota": "已达到 localStorage https://developer.mozilla.org/en-US/docs/Web/API/Web_Storage_API 的最大容量 - 请清除所有先前存储的用户输入。",
  "local_storage_parse_error": "无法分析 localStorage https://developer.mozilla.org/en-US/docs/Web/API/Web_Storage_API 中的值。请避免手动编辑 localStorage 中的值。",
  "message": "消息",
  "no_file_chosen": "未选择文件",
  "only_numbers_allowed": "仅允许使用正整数",
  "out_of_range": "值超出范围: {0} 到 {1}",
  "phone": "电话",
  "property": "属性",
  "property_missing_type": "属性既无 type-of 也无 type-group 属性",
  "resource_file_loaded": "资源文件“{0}”已加载。",
  "row": "行",
  "select_a_file": "选择文件",
  "tablet": "平板电脑",
  "type": "类型",
  "unknown": "未知",
  "unknown_property_usage": "属性包含 usage 属性的未知值",
  "unrecognized_type_group": "属性引用了未知的 type-group“{0}”",
  "unsupported_platform_action": "不支持的 action-type 值 {0}",
  "use_ISO_format": "使用 ISO 格式",
  "value": "值",
  "web": "Web"
}