{
  "apply": "Rakendamine",
  "aria_label_data_file": "valige fail {0} jaoks, praegune fail: {1}",
  "choose_column": "Valige veerg",
  "choose_type": "Valige tüüp",
  "column": "Veerg",
  "context_inputs": "Konteksti sisendid",
  "control_container_height": "Komponendi ümbrise kõrgus",
  "control_container_width": "Komponendi ümbrise laius",
  "data_inputs": "Andmete sisendid",
  "data_outputs": "Andmete väljundid",
  "details": "Üksikasjad",
  "enable_local_storage": "Kohandatud sisendite säilitamiseks lubage brauseris https://developer.mozilla.org/en-US/docs/Web/API/Web_Storage_API localStorage.",
  "error_code": "Tõrkekood",
  "error_http_get_resource": "GET ressurss {0} tagastati olekuga {1}",
  "error_parse_file": "Faili {0} sõelumine nurjus",
  "error_parse_resource_string": "Ressursi {0} sõelumisel ilmnes tõrge",
  "error_parsing_control_manifest": "Manifesti sõelumise tõrge: üksust ControlManifest.xml ei saa sõeluda.",
  "error_read_file": "Faili {0} lugemine nurjus",
  "error_resource_load": "Ressursi {0} laadimine nurjus",
  "error_resource_type_not_supported": "Ressurssi {0} ei laaditud, kuna {1} pole toetatud.",
  "form_factor": "Vormitegur",
  "function_parameters": "Parameetrid",
  "harness_header": "PowerApps component frameworki testimiskeskkond",
  "invoke_method": "Liideses {1} käivitati meetod {0}.",
  "loading_control": "Juhtelemendi laadimine...",
  "loading_harness": "Juhtelemendi rakmete laadimine...",
  "local_storage_exceeds_quota": "LocalStorage https://developer.mozilla.org/en-US/docs/Web/API/Web_Storage_API on täis – kõik varem salvestatud kasutaja sisendid tühjendatakse.",
  "local_storage_parse_error": "LocalStorage https://developer.mozilla.org/en-US/docs/Web/API/Web_Storage_API ei saanud parsida. Vältige localStorage väärtuste käsitsi redigeerimist.",
  "message": "Saada sõnum",
  "no_file_chosen": "ühtegi faili pole valitud",
  "only_numbers_allowed": "Lubatud on ainult positiivsed täisarvud",
  "out_of_range": "Väärtus on vahemikust väljas: {0} kuni {1}",
  "phone": "Telefoninumber",
  "property": "Atribuut",
  "property_missing_type": "Atribuudil ei ole atribuuti type-of ega type-group",
  "resource_file_loaded": "Ressursifail {0} on laaditud.",
  "row": "Rida",
  "select_a_file": "Vali fail",
  "tablet": "Tahvelarvuti",
  "type": "Tüüp",
  "unknown": "Teadmata",
  "unknown_property_usage": "Atribuudil on „usage” atribuudi jaoks tundmatu väärtus",
  "unrecognized_type_group": "Atribuut viitab tundmatule type-group {0}",
  "unsupported_platform_action": "action-type’i väärtust {0} ei toetata",
  "use_ISO_format": "Kasutage ISO-vormingut",
  "value": "Väärtus",
  "web": "Veeb"
}