{
  "apply": "Käytä",
  "aria_label_data_file": "valitse tiedosto kohteelle {0}, nykyinen tiedosto: {1}",
  "choose_column": "Valitse sarake",
  "choose_type": "Valitse tyyppi",
  "column": "Sarake",
  "context_inputs": "Kontekstisyötteet",
  "control_container_height": "Komponentin säilön korkeus",
  "control_container_width": "Komponentin säilön leveys",
  "data_inputs": "Tietosyötteet",
  "data_outputs": "Tietotulosteet",
  "details": "Tiedot",
  "enable_local_storage": "Jos haluat säilyttää mukautetut syötteet, ota localStorage käyttöön selaimessa osoitteessa https://developer.mozilla.org/en-US/docs/Web/API/Web_Storage_API.",
  "error_code": "Virhekoodi",
  "error_http_get_resource": "\"GET resource {0}\" palautti tilan {1}",
  "error_parse_file": "Tiedoston {0} jäsentäminen epäonnistui",
  "error_parse_resource_string": "Resurssin {0} jäsennysvirhe",
  "error_parsing_control_manifest": "Luettelon jäsennysvirhe: ei voida jäsentää kohdetta ControlManifest.xml.",
  "error_read_file": "Tiedoston {0} lukeminen epäonnistui",
  "error_resource_load": "Resurssin {0} lataaminen epäonnistui",
  "error_resource_type_not_supported": "Resurssia {0} ei ladattu, koska kohdetta {1} ei tueta.",
  "form_factor": "Muoto",
  "function_parameters": "Parametrit",
  "harness_header": "PowerApps component frameworkin testiympäristö",
  "invoke_method": "Kutsuttu menetelmä {0} liittymässä {1}.",
  "loading_control": "Ladataan ohjausobjektia...",
  "loading_harness": "Ladataan ohjausobjektin määritystä...",
  "local_storage_exceeds_quota": "Saavutettiin localStoragen https://developer.mozilla.org/en-US/docs/Web/API/Web_Storage_API enimmäiskoko – tyhjennetään kaikki aiemmin tallennetut käyttäjäsyötteet.",
  "local_storage_parse_error": "Arvoja ei voitu jäsentää localStoragessa https://developer.mozilla.org/en-US/docs/Web/API/Web_Storage_API. Vältä arvojen manuaalista muokkaamista localStoragessa.",
  "message": "Viesti",
  "no_file_chosen": "tiedostoa ei valittu",
  "only_numbers_allowed": "Vain positiiviset kokonaisluvut ovat sallittuja",
  "out_of_range": "Arvo ei ole sallitussa alueessa {0}–{1}",
  "phone": "Puhelinnumero",
  "property": "Ominaisuus",
  "property_missing_type": "Ominaisuudella ei ole type-of- eikä type-group-määritettä",
  "resource_file_loaded": "Resurssitiedosto {0} ladattiin.",
  "row": "Rivi",
  "select_a_file": "Valitse tiedosto",
  "tablet": "Taulutietokone",
  "type": "Tyyppi",
  "unknown": "Tuntematon",
  "unknown_property_usage": "Ominaisuudella on tuntematon arvo usage-määritteelle",
  "unrecognized_type_group": "Ominaisuus viittaa tuntemattomaan määritteeseen type-group {0}",
  "unsupported_platform_action": "action-type-arvoa {0} ei tueta",
  "use_ISO_format": "Käytä ISO-muotoa",
  "value": "Arvo",
  "web": "Verkko"
}