{
  "apply": "적용",
  "aria_label_data_file": "현재 파일인 {0}에 대한 파일 선택: {1}",
  "choose_column": "열 선택",
  "choose_type": "유형 선택",
  "column": "열",
  "context_inputs": "컨텍스트 입력",
  "control_container_height": "구성 요소 컨테이너 높이",
  "control_container_width": "구성 요소 컨테이너 너비",
  "data_inputs": "데이터 입력",
  "data_outputs": "데이터 출력",
  "details": "세부 정보",
  "enable_local_storage": "사용자 지정된 입력을 유지하려면 브라우저에서 localStorage를 활성화하세요(https://developer.mozilla.org/en-US/docs/Web/API/Web_Storage_API).",
  "error_code": "오류 코드",
  "error_http_get_resource": "GET 리소스 '{0}'이(가) 상태 {1}(으)로 반환됨",
  "error_parse_file": "파일 {0}을(를) 구문 분석하지 못함",
  "error_parse_resource_string": "리소스 '{0}'에 대한 구문 분석 오류",
  "error_parsing_control_manifest": "매니페스트 구문 분석 오류: ControlManifest.xml을 구문 분석할 수 없습니다.",
  "error_read_file": "파일 {0}을(를) 읽지 못함",
  "error_resource_load": "리소스 '{0}'을(를) 로드하지 못함",
  "error_resource_type_not_supported": "{1}이(가) 지원되지 않으므로 리소스 '{0}'이(가) 로드되지 않았습니다.",
  "form_factor": "폼 팩터",
  "function_parameters": "매개 변수",
  "harness_header": "PowerApps component framework 테스트 환경",
  "invoke_method": "{1} 인터페이스에서 메서드 {0}을(를) 호출했습니다.",
  "loading_control": "컨트롤 로드 중...",
  "loading_harness": "컨트롤 도구 로드 중...",
  "local_storage_exceeds_quota": "localStorage의 크기가 최대값에 도달했습니다(https://developer.mozilla.org/en-US/docs/Web/API/Web_Storage_API). 이전에 저장된 사용자 입력을 모두 지웁니다.",
  "local_storage_parse_error": "localStorage의 값을 구문 분석할 수 없습니다(https://developer.mozilla.org/en-US/docs/Web/API/Web_Storage_API). localStorage의 값을 수동으로 편집하지 마세요.",
  "message": "메시지",
  "no_file_chosen": "선택한 파일 없음",
  "only_numbers_allowed": "양수인 정수만 허용됨",
  "out_of_range": "{0} ~ {1} 범위를 벗어난 값",
  "phone": "전화",
  "property": "속성",
  "property_missing_type": "속성에 type-of 특성과 type-group 특성이 모두 없음",
  "resource_file_loaded": "리소스 파일 '{0}'이(가) 로드되었습니다.",
  "row": "행",
  "select_a_file": "파일 선택",
  "tablet": "태블릿",
  "type": "유형",
  "unknown": "알 수 없음",
  "unknown_property_usage": "속성에 usage 특성에 대한 알 수 없는 값이 있음",
  "unrecognized_type_group": "속성이 알 수 없는 type-group '{0}'을(를) 참조함",
  "unsupported_platform_action": "지원되지 않는 action-type 값 {0}",
  "use_ISO_format": "ISO 형식 사용",
  "value": "값",
  "web": "웹"
}