{
  "apply": "Εφαρμογή",
  "aria_label_data_file": "επιλέξτε ένα αρχείο για το {0}, τρέχον αρχείο: {1}",
  "choose_column": "Επιλογή στήλης",
  "choose_type": "Επιλογή τύπου",
  "column": "Στήλη",
  "context_inputs": "Είσοδοι περιβάλλοντος",
  "control_container_height": "Ύψος κοντέινερ στοιχείων",
  "control_container_width": "Πλάτος κοντέινερ στοιχείων",
  "data_inputs": "Είσοδοι δεδομένων",
  "data_outputs": "Έξοδοι δεδομένων",
  "details": "Λεπτομέρειες",
  "enable_local_storage": "Ενεργοποιήστε το localStorage στο πρόγραμμα περιήγησής σας https://developer.mozilla.org/en-US/docs/Web/API/Web_Storage_API εάν θέλετε να διατηρήσετε τις προσαρμοσμένες εισόδους.",
  "error_code": "Κωδικός σφάλματος",
  "error_http_get_resource": "ΛΗΨΗ πόρου \"{0}\" επιστραμμένου με κατάσταση {1}",
  "error_parse_file": "Αδυναμία ανάλυσης αρχείου {0}",
  "error_parse_resource_string": "Σφάλμα κατά την ανάλυση πόρου \"{0}\"",
  "error_parsing_control_manifest": "Σφάλμα ανάλυσης διακήρυξης: δεν είναι δυνατή η ανάλυση ControlManifest.xml.",
  "error_read_file": "Αδυναμία ανάγνωσης αρχείου {0}",
  "error_resource_load": "Αδυναμία φόρτωσης πόρου \"{0}\"",
  "error_resource_type_not_supported": "Ο πόρος \"{0}\" δεν φορτώθηκε επειδή το {1} δεν υποστηρίζεται.",
  "form_factor": "Παράγοντας μορφής",
  "function_parameters": "Παράμετροι",
  "harness_header": "Περιβάλλον δοκιμής PowerApps component framework",
  "invoke_method": "Μέθοδος {0} που κλήθηκε στη διασύνδεση {1}.",
  "loading_control": "Φόρτωση στοιχείου ελέγχου...",
  "loading_harness": "Φόρτωση περιβάλλοντος ελέγχου...",
  "local_storage_exceeds_quota": "Φτάσατε το μέγιστο μέγεθος του localStorage https://developer.mozilla.org/en-US/docs/Web/API/Web_Storage_API -εκκαθάριση όλων των μέχρι τότε αποθηκευμένων εισόδων χρήστη.",
  "local_storage_parse_error": "Δεν ήταν δυνατή η ανάλυση των τιμών στο localStorage https://developer.mozilla.org/en-US/docs/Web/API/Web_Storage_API. Αποφύγετε να επεξεργαστείτε με μη αυτόματο τρόπο τιμές στο localStorage.",
  "message": "Μήνυμα",
  "no_file_chosen": "δεν έχει επιλεγεί αρχείο",
  "only_numbers_allowed": "Επιτρέπονται μόνο θετικοί ακέραιοι αριθμοί",
  "out_of_range": "Τιμή εκτός εύρους: {0} έως {1}",
  "phone": "Αριθμός τηλεφώνου",
  "property": "Ιδιότητα",
  "property_missing_type": "Η ιδιότητα δεν έχει ούτε type-of ούτε type-group διαθέσιμο",
  "resource_file_loaded": "Έγινε φόρτωση του αρχείου πόρου \"{0}\".",
  "row": "Σειρά",
  "select_a_file": "Επιλογή αρχείου",
  "tablet": "Tablet",
  "type": "Τύπος",
  "unknown": "Άγνωστος",
  "unknown_property_usage": "Η ιδιότητα έχει άγνωστη τιμή για το χαρακτηριστικό usage",
  "unrecognized_type_group": "Η ιδιότητα αναφέρεται σε άγνωστο type-group \"{0}\"",
  "unsupported_platform_action": "μη υποστηριζόμενη τιμή action-type {0}",
  "use_ISO_format": "Χρήση μορφής ISO",
  "value": "Τιμή",
  "web": "Web"
}