{
  "apply": "Använd",
  "aria_label_data_file": "välj en fil för {0}, aktuell fil: {1}",
  "choose_column": "Välj en kolumn",
  "choose_type": "Välj en typ",
  "column": "Kolumn",
  "context_inputs": "Indata för kontext",
  "control_container_height": "Höjd på komponentens behållare",
  "control_container_width": "Bredd på komponentens behållare",
  "data_inputs": "Datainmatningar",
  "data_outputs": "Datautmatningar",
  "details": "Information",
  "enable_local_storage": "Aktivera localStorage i webbläsaren https://developer.mozilla.org/en-US/docs/Web/API/Web_Storage_API om du vill bevara anpassade indata.",
  "error_code": "Felkod",
  "error_http_get_resource": "GET-resursen {0} har returnerats med statusvärde {1}",
  "error_parse_file": "Det gick inte att parsa filen {0}",
  "error_parse_resource_string": "Fel vid parsning av resursen {0}",
  "error_parsing_control_manifest": "Parsningsfel för manifest: Det går inte att parsa ControlManifest.xml.",
  "error_read_file": "Det gick inte att läsa filen {0}",
  "error_resource_load": "Det gick inte att läsa in resursen {0}",
  "error_resource_type_not_supported": "Resursen {0} har inte lästs in eftersom {1} inte stöds.",
  "form_factor": "Formfaktor",
  "function_parameters": "Parametrar",
  "harness_header": "Testmiljö för PowerApps component framework",
  "invoke_method": "Metoden {0} har anropats i gränssnittet {1}.",
  "loading_control": "Läser in kontroll ...",
  "loading_harness": "Läser in användning av kontroll ...",
  "local_storage_exceeds_quota": "Den maximala storleken för localStorage https://developer.mozilla.org/en-US/docs/Web/API/Web_Storage_API har uppnåtts – alla användarindata som tidigare lagrats tas bort.",
  "local_storage_parse_error": "Det gick inte att parsa värden i localStorage https://developer.mozilla.org/en-US/docs/Web/API/Web_Storage_API. Undvik att redigera värden i localStorage manuellt.",
  "message": "Meddelande",
  "no_file_chosen": "ingen fil har valts",
  "only_numbers_allowed": "Endast positiva heltal tillåts",
  "out_of_range": "Värdet ligger utanför intervallet: {0} till {1}",
  "phone": "Telefonnummer",
  "property": "Egenskap",
  "property_missing_type": "Egenskapen har varken attributet type-of eller type-group",
  "resource_file_loaded": "Resursfilen {0} har lästs in.",
  "row": "Rad",
  "select_a_file": "Välj en fil",
  "tablet": "Surfplatta",
  "type": "Typ",
  "unknown": "Okänt",
  "unknown_property_usage": "Egenskapen har ett okänt värde för attributet usage",
  "unrecognized_type_group": "Egenskapen refererar till en okänd type-group {0}",
  "unsupported_platform_action": "action-type-värdet {0} stöds inte",
  "use_ISO_format": "Använd ISO-format",
  "value": "Värde",
  "web": "Webb"
}