{
  "apply": "Alkalmazás",
  "aria_label_data_file": "válasszon egy fájlt a(z) {0} adatkészlet számára; jelenlegi fájl: {1}",
  "choose_column": "Válasszon egy oszlopot!",
  "choose_type": "Válasszon egy típust!",
  "column": "Oszlop",
  "context_inputs": "Környezeti bemenetek",
  "control_container_height": "Összetevő tárolójának magassága",
  "control_container_width": "Összetevő tárolójának szélessége",
  "data_inputs": "Adatbemenetek",
  "data_outputs": "Adatkimenetek",
  "details": "Részletek",
  "enable_local_storage": "Engedélyezze a localStorage objektumot a böngészőjében https://developer.mozilla.org/en-US/docs/Web/API/Web_Storage_API, ha meg szeretné őrizni a testreszabott bemeneteket.",
  "error_code": "Hibakód",
  "error_http_get_resource": "A GET resource {0} a következő állapottal tért vissza: {1}",
  "error_parse_file": "Nem sikerült elemezni a(z) {0} fájlt",
  "error_parse_resource_string": "Hiba történt a(z) {0} erőforrás elemzésekor",
  "error_parsing_control_manifest": "Jegyzékfájlelemzési hiba: nem elemezhető a ControlManifest.xml.",
  "error_read_file": "Nem sikerült beolvasni a(z) {0} fájlt",
  "error_resource_load": "Nem sikerült betölteni a(z) {0} erőforrást",
  "error_resource_type_not_supported": "A(z) {0} erőforrás nem lett betöltve, mert a(z) {1} nem támogatott.",
  "form_factor": "Méret",
  "function_parameters": "Paraméterek",
  "harness_header": "PowerApps component framework tesztkörnyezet",
  "invoke_method": "Meghívta a(z) {0} metódust a(z) {1} felületen.",
  "loading_control": "Vezérlő betöltése...",
  "loading_harness": "Vezérlő-harness betöltése...",
  "local_storage_exceeds_quota": "Elérte a localStorage maximális méretét https://developer.mozilla.org/en-US/docs/Web/API/Web_Storage_API – az összes korábban tárolt felhasználói bemenet törlésre kerül.",
  "local_storage_parse_error": "Nem sikerült elemezni a localStorage objektumban levő értékeket https://developer.mozilla.org/en-US/docs/Web/API/Web_Storage_API. Ne módosítsa kézzel a localStorage-ban levő értékeket.",
  "message": "Üzenet",
  "no_file_chosen": "nincs kiválasztott fájl",
  "only_numbers_allowed": "Csak pozitív egész számok használhatók",
  "out_of_range": "Az érték kívül esik a tartományon: {0}–{1}",
  "phone": "Telefonszám",
  "property": "Tulajdonság",
  "property_missing_type": "A tulajdonságnak nincs se type-of, se type-group attribútuma",
  "resource_file_loaded": "{0} erőforrásfájl betöltve.",
  "row": "Sor",
  "select_a_file": "Válasszon egy fájlt!",
  "tablet": "Tablet",
  "type": "Típus",
  "unknown": "Ismeretlen",
  "unknown_property_usage": "A tulajdonság usage attribútumának értéke ismeretlen",
  "unrecognized_type_group": "A tulajdonság az ismeretlen {0} type-group csoportra hivatkozik",
  "unsupported_platform_action": "nem támogatott action-type érték {0}",
  "use_ISO_format": "ISO-formátum használata",
  "value": "Érték",
  "web": "Web"
}