{
  "apply": "นําไปใช้",
  "aria_label_data_file": "เลือกไฟล์สำหรับ {0} ไฟล์ปัจจุบัน: {1}",
  "choose_column": "เลือกคอลัมน์",
  "choose_type": "เลือกชนิด",
  "column": "คอลัมน์",
  "context_inputs": "การป้อนข้อมูลบริบท",
  "control_container_height": "ความสูงของคอนเทนเนอร์ส่วนประกอบ",
  "control_container_width": "ความกว้างของคอนเทนเนอร์ส่วนประกอบ",
  "data_inputs": "การป้อนข้อมูล",
  "data_outputs": "ผลลัพธ์ข้อมูล",
  "details": "รายละเอียด",
  "enable_local_storage": "โปรดเปิดใช้งาน localStorage ในเบราว์เซอร์ของคุณ https://developer.mozilla.org/en-US/docs/Web/API/Web_Storage_API หากคุณต้องการรักษาข้อมูลที่ป้อนที่กำหนดเอง",
  "error_code": "รหัสข้อผิดพลาด",
  "error_http_get_resource": "รับทรัพยากร '{0}' ที่ส่งคืนพร้อมสถานะ {1}",
  "error_parse_file": "ไม่สามารถแยกวิเคราะห์ไฟล์ {0}",
  "error_parse_resource_string": "ข้อผิดพลาดในการแยกวิเคราะห์ทรัพยากร '{0}'",
  "error_parsing_control_manifest": "ข้อผิดพลาดในการแยกวิเคราะห์ Manifest: ไม่สามารถแยกวิเคราะห์ ControlManifest.xml",
  "error_read_file": "ไม่สามารถอ่านไฟล์ {0}",
  "error_resource_load": "ไม่สามารถโหลดทรัพยากร '{0}'",
  "error_resource_type_not_supported": "ทรัพยากร '{0}' ไม่โหลดเพราะ {1} ไม่รองรับ",
  "form_factor": "ปัจจัยของฟอร์ม",
  "function_parameters": "พารามิเตอร์",
  "harness_header": "สภาพแวดล้อมการทดสอบ PowerApps component framework",
  "invoke_method": "วิธีการ {0} ที่เรียกใช้ในส่วนติดต่อ {1}",
  "loading_control": "กำลังโหลดการควบคุม...",
  "loading_harness": "กำลังโหลดชุดควบคุมของการควบคุม...",
  "local_storage_exceeds_quota": "ขนาดของ localStorage ถึงจำนวนสูงสุดแล้ว https://developer.mozilla.org/en-US/docs/Web/API/Web_Storage_API - การล้างข้อมูลที่ผู้ใช้ป้อนที่เก็บไว้ก่อนหน้านี้ทั้งหมด",
  "local_storage_parse_error": "ไม่สามารถแยกวิเคราะห์ค่าใน localStorage https://developer.mozilla.org/en-US/docs/Web/API/Web_Storage_API โปรดหลีกเลี่ยงการแก้ไขค่าด้วยตนเองใน localStorage",
  "message": "ข้อความ",
  "no_file_chosen": "ไม่ได้เลือกไฟล์",
  "only_numbers_allowed": "อนุญาตเฉพาะจำนวนเต็มบวกเท่านั้น",
  "out_of_range": "ค่าไม่อยู่ในช่วง: {0} ถึง {1}",
  "phone": "โทรศัพท์",
  "property": "คุณสมบัติ",
  "property_missing_type": "คุณสมบัติไม่มีแอตทริบิวต์ type-of หรือ type-group",
  "resource_file_loaded": "โหลดไฟล์ทรัพยากร '{0}' แล้ว",
  "row": "แถว",
  "select_a_file": "เลือกไฟล์",
  "tablet": "แท็บเล็ต",
  "type": "ชนิด",
  "unknown": "ไม่รู้จัก",
  "unknown_property_usage": "คุณสมบัติมีค่าที่ไม่รู้จักสำหรับแอตทริบิวต์ usage",
  "unrecognized_type_group": "คุณสมบัติอ้างอิง type-group '{0}' ที่ไม่รู้จัก",
  "unsupported_platform_action": "ค่า action-type ที่ไม่รองรับ {0}",
  "use_ISO_format": "ใช้รูปแบบ ISO",
  "value": "ค่า",
  "web": "เว็บ"
}