{
  "apply": "Anwenden",
  "aria_label_data_file": "wählen Sie eine Datei für {0} aus, aktuelle Datei: {1}",
  "choose_column": "Eine Spalte auswählen",
  "choose_type": "Einen Typ auswählen",
  "column": "Spalte",
  "context_inputs": "Kontexteingaben",
  "control_container_height": "Komponentencontainerhöhe",
  "control_container_width": "Komponentencontainerbreite",
  "data_inputs": "Dateneingaben",
  "data_outputs": "Datenausgaben",
  "details": "Details",
  "enable_local_storage": "Aktivieren Sie localStorage in der https://developer.mozilla.org/en-US/docs/Web/API/Web_Storage_API des Browsers, wenn Sie angepasste Eingaben beibehalten möchten.",
  "error_code": "Fehlercode",
  "error_http_get_resource": "GET-Ressource „{0}“ wurde mit dem Status {1} zurückgegeben.",
  "error_parse_file": "Fehler beim Analysieren der Datei {0}",
  "error_parse_resource_string": "Fehler beim Analysieren der Ressource „{0}“",
  "error_parsing_control_manifest": "Manifest-Analysefehler: ControlManifest.xml konnte nicht analysiert werden.",
  "error_read_file": "Fehler beim Lesen der Datei {0}",
  "error_resource_load": "Fehler beim Laden der Ressource „{0}“",
  "error_resource_type_not_supported": "Die Ressource „{0}“ wurde nicht geladen, {1} nicht unterstützt wird.",
  "form_factor": "Formfaktor",
  "function_parameters": "Parameter",
  "harness_header": "Testumgebung für PowerApps component framework",
  "invoke_method": "Methode {0} wurde auf Schnittstelle {1} aufgerufen.",
  "loading_control": "Steuerelement wird geladen ...",
  "loading_harness": "Steuerelementumgebung wird geladen ...",
  "local_storage_exceeds_quota": "Die maximale Größe von localStorage https://developer.mozilla.org/en-US/docs/Web/API/Web_Storage_API wurde erreicht – alle zuvor gespeicherten Benutzereingaben werden gelöscht.",
  "local_storage_parse_error": "Die Werte in localStorage https://developer.mozilla.org/en-US/docs/Web/API/Web_Storage_API konnten nicht analysiert werden. Vermeiden Sie die manuelle Bearbeitung von Werten in localStorage.",
  "message": "Nachricht",
  "no_file_chosen": "keine Datei ausgewählt",
  "only_numbers_allowed": "Es sind nur positive ganze Zahlen zulässig",
  "out_of_range": "Wert liegt außerhalb des Bereichs: {0} bis {1}",
  "phone": "Telefonnummer",
  "property": "Eigenschaft",
  "property_missing_type": "Eigenschaft verfügt weder über das type-of- noch über das type-group-Attribut",
  "resource_file_loaded": "Ressourcendatei „{0}“ wurde geladen.",
  "row": "Zeile",
  "select_a_file": "Eine Datei auswählen",
  "tablet": "Tablet",
  "type": "Typ",
  "unknown": "Unbekannt",
  "unknown_property_usage": "Die Eigenschaft hat einen unbekannten Wert für das usage-Attribut",
  "unrecognized_type_group": "Eigenschaft verweist auf die unbekannte type-group „{0}“",
  "unsupported_platform_action": "nicht unterstützter action-type-Wert {0}",
  "use_ISO_format": "ISO-Format verwenden",
  "value": "Wert",
  "web": "Internet"
}