{
  "apply": "Použít",
  "aria_label_data_file": "vyberte soubor pro {0}, aktuální soubor: {1}",
  "choose_column": "Zvolte sloupec",
  "choose_type": "Zvolte typ",
  "column": "Sloupec",
  "context_inputs": "Kontextové vstupy",
  "control_container_height": "Výška kontejneru součásti",
  "control_container_width": "Šířka kontejneru součásti",
  "data_inputs": "Datové vstupy",
  "data_outputs": "Datové výstupy",
  "details": "Podrobnosti",
  "enable_local_storage": "Pokud chcete zachovat přizpůsobená zadání, povolte ve svém prohlížeči localStorage https://developer.mozilla.org/en-US/docs/Web/API/Web_Storage_API.",
  "error_code": "Kód chyby",
  "error_http_get_resource": "Zdroj GET „{0}“ byl vrácen ve stavu {1}",
  "error_parse_file": "Selhala analýza souboru {0}",
  "error_parse_resource_string": "Chyba analýzy prostředku „{0}“",
  "error_parsing_control_manifest": "Chyba analýzy manifestu: Nelze analyzovat ControlManifest.xml.",
  "error_read_file": "Selhalo čtení souboru {0}",
  "error_resource_load": "Selhalo načtení zdroje „{0}“",
  "error_resource_type_not_supported": "Prostředek „{0}“ nebyl načten, protože není podporován soubor {1}.",
  "form_factor": "Provedení",
  "function_parameters": "Parametry",
  "harness_header": "Testovací prostředí PowerApps component framework",
  "invoke_method": "Byla vyvolána metoda {0} v rozhraní {1}.",
  "loading_control": "Načítá se ovládací prvek...",
  "loading_harness": "Načítá se správce ovládacího prvku...",
  "local_storage_exceeds_quota": "Bylo dosaženo maximální velikosti localStorage https://developer.mozilla.org/en-US/docs/Web/API/Web_Storage_API – probíhá mazání všech dříve uložených zadání uživatele.",
  "local_storage_parse_error": "Nelze analyzovat hodnoty v localStorage https://developer.mozilla.org/en-US/docs/Web/API/Web_Storage_API. Vyhněte se ruční úpravě hodnot v localStorage.",
  "message": "Zpráva",
  "no_file_chosen": "není vybrán žádný soubor",
  "only_numbers_allowed": "Jsou povolena jen kladná celá čísla.",
  "out_of_range": "Hodnota mimo rozsah: {0} až {1}",
  "phone": "Telefon",
  "property": "Vlastnost",
  "property_missing_type": "Vlastnost má atribut buď type-of, nebo type-group",
  "resource_file_loaded": "Byl načten soubor prostředků „{0}“.",
  "row": "Řádek",
  "select_a_file": "Vyberte soubor",
  "tablet": "Tablet",
  "type": "Typ",
  "unknown": "Neznámá",
  "unknown_property_usage": "Vlastnost obsahuje neznámou hodnotu pro atribut usage",
  "unrecognized_type_group": "Vlastnost odkazuje na neznámou skupinu type-group „{0}“",
  "unsupported_platform_action": "nepodporovaná hodnota action-type {0}",
  "use_ISO_format": "Použít formát ISO",
  "value": "Hodnota",
  "web": "Web"
}