{
  "apply": "Aplikatu",
  "aria_label_data_file": "hautatu honetarako fitxategi bat: {0}. Uneko fitxategia: {1}",
  "choose_column": "Aukeratu zutabe bat",
  "choose_type": "Aukeratu mota bat",
  "column": "Zutabea",
  "context_inputs": "Testuinguruen sarrerak",
  "control_container_height": "Osagaien edukitzaileen altuera",
  "control_container_width": "Osagaien edukitzaileen zabalera",
  "data_inputs": "Datuen sarrerak",
  "data_outputs": "Datuen irteerak",
  "details": "Xehetasunak",
  "enable_local_storage": "Sarrera pertsonalizatuak gorde nahi badituzu, gaitu localStorage arakatzailean: https://developer.mozilla.org/en-US/docs/Web/API/Web_Storage_API.",
  "error_code": "Errore-kodea",
  "error_http_get_resource": "LORTU \"{0}\" baliabidea {1} egoerarekin itzuli da",
  "error_parse_file": "Ezin izan da analizatu {0} fitxategia",
  "error_parse_resource_string": "Errore bat gertatu da \"{0}\" baliabidea aztertzean",
  "error_parsing_control_manifest": "Errore bat gertatu da manifestua aztertzean. Ezin da analizatu ControlManifest.xml.",
  "error_read_file": "Ezin izan da irakurri {0} fitxategia",
  "error_resource_load": "Ezin izan da kargatu \"{0}\" baliabidea",
  "error_resource_type_not_supported": "\"{0}\" baliabidea ez da kargatu, ez delako onartzen {1}.",
  "form_factor": "Forma-faktorea",
  "function_parameters": "Parametroak",
  "harness_header": "PowerApps component framework-eko probako ingurunea",
  "invoke_method": "{0} metodoari deitu zaio {1} interfazean.",
  "loading_control": "Kontrola kargatzen...",
  "loading_harness": "Kontrol-lotura kargatzen...",
  "local_storage_exceeds_quota": "localStorage elementuaren (https://developer.mozilla.org/en-US/docs/Web/API/Web_Storage_API) gehieneko tamainara iritsi zara. Lehendik gordetako erabiltzaile-sarrera guztiak garbitzen.",
  "local_storage_parse_error": "Ezin izan dira analizatu localStorage elementuko (https://developer.mozilla.org/en-US/docs/Web/API/Web_Storage_API) balioak. Ez editatu eskuz localStorage elementuko balioak.",
  "message": "Mezua",
  "no_file_chosen": "ez da aukeratu fitxategirik",
  "only_numbers_allowed": "Osoko zenbaki positiboak bakarrik onartzen dira",
  "out_of_range": "Balioa barrutitik kanpo dago: {0}-{1}",
  "phone": "Telefonoa",
  "property": "Propietatea",
  "property_missing_type": "Propietateak ez du type-of edo type-group atributua",
  "resource_file_loaded": "\"{0}\" baliabide-fitxategia kargatu da.",
  "row": "Errenkada",
  "select_a_file": "Hautatu fitxategi bat",
  "tablet": "Tableta",
  "type": "Mota",
  "unknown": "Ezezaguna",
  "unknown_property_usage": "Propietateak balio ezezaguna du \"usage\" atributurako",
  "unrecognized_type_group": "Propietateak type-group \"{0}\" ezezagun bati egiten dio erreferentzia",
  "unsupported_platform_action": "{0} action-type balioa ez da onartzen",
  "use_ISO_format": "Erabili ISO formatua",
  "value": "Balioa",
  "web": "Weba"
}