{
  "apply": "Прилагане",
  "aria_label_data_file": "изберете файл за {0}, текущ файл: {1}",
  "choose_column": "Избор на колона",
  "choose_type": "Избор на тип",
  "column": "Колона",
  "context_inputs": "Контекстни входове",
  "control_container_height": "Височина на контейнера на компонента",
  "control_container_width": "Ширина на контейнера на компонента",
  "data_inputs": "Въвеждания на данни",
  "data_outputs": "Извеждания на данни",
  "details": "Подробности",
  "enable_local_storage": "Активирайте localStorage във вашия браузър https://developer.mozilla.org/en-US/docs/Web/API/Web_Storage_API, ако искате да запазите персонализираните въвеждания.",
  "error_code": "Код на грешка",
  "error_http_get_resource": "GET ресурс „{0}” се върна със състояние {1}",
  "error_parse_file": "Неуспешно анализиране на файл {0}",
  "error_parse_resource_string": "Грешка при анализиране на ресурс „{0}”",
  "error_parsing_control_manifest": "Грешка на анализ на манифест: Не може да се анализира ControlManifest.xml.",
  "error_read_file": "Неуспешно четене на файл {0}",
  "error_resource_load": "Неуспешно зареждане на ресурс „{0}”",
  "error_resource_type_not_supported": "Ресурс „{0}” не е зареден, защото {1} не се поддържа.",
  "form_factor": "Форм-фактор",
  "function_parameters": "Параметри",
  "harness_header": "Тестова среда на PowerApps component framework",
  "invoke_method": "Извикан метод {0} за интерфейс {1}.",
  "loading_control": "Зареждане на контрола...",
  "loading_harness": "Зареждане на използването на контрола...",
  "local_storage_exceeds_quota": "Достигнат е максималният размер на localStorage https://developer.mozilla.org/en-US/docs/Web/API/Web_Storage_API – изчистване на всички съхранени преди потребителски въвеждания.",
  "local_storage_parse_error": "Не могат да се анализират стойностите в localStorage https://developer.mozilla.org/en-US/docs/Web/API/Web_Storage_API. Избягвайте ръчно редактиране на стойности в localStorage.",
  "message": "Съобщение",
  "no_file_chosen": "няма избран файл",
  "only_numbers_allowed": "Разрешени са само положителни цели числа",
  "out_of_range": "Стойността е извън обхват: {0} до {1}",
  "phone": "Телефонен номер",
  "property": "Свойство",
  "property_missing_type": "Свойството няма нито атрибут type-of, нито type-group",
  "resource_file_loaded": "Файлът на ресурс „{0}” зареден.",
  "row": "Ред",
  "select_a_file": "Избор на файл",
  "tablet": "Таблет",
  "type": "Тип",
  "unknown": "Неизвестно",
  "unknown_property_usage": "Свойството има неизвестна стойност за атрибута usage",
  "unrecognized_type_group": "Свойството посочва неизвестна type-group „{0}”",
  "unsupported_platform_action": "неподдържана стойност за action-type {0}",
  "use_ISO_format": "Използване на ISO формат",
  "value": "Стойност",
  "web": "Уеб"
}