{
  "apply": "Lietot",
  "aria_label_data_file": "atlasiet datu kopas {0} failu, pašreizējais fails: {1}",
  "choose_column": "Izvēlieties kolonnu",
  "choose_type": "Izvēlieties tipu",
  "column": "Kolonna",
  "context_inputs": "Konteksta ievades",
  "control_container_height": "Komponenta konteinera augstums",
  "control_container_width": "Komponenta konteinera platums",
  "data_inputs": "Datu ievades",
  "data_outputs": "Datu izvades",
  "details": "Detalizēta informācija",
  "enable_local_storage": "Lai saglabātu pielāgotās ievades, savā pārlūkprogrammā https://developer.mozilla.org/en-US/docs/Web/API/Web_Storage_API iespējojiet vienumu localStorage.",
  "error_code": "Kļūdas kods",
  "error_http_get_resource": "GET resurss “{0}” atgriezts ar statusu {1}",
  "error_parse_file": "Neizdevās parsēt failu {0}",
  "error_parse_resource_string": "Parsējot resursu “{0}”, radās kļūda",
  "error_parsing_control_manifest": "Manifesta parsēšanas kļūda: nevar parsēt ControlManifest.xml.",
  "error_read_file": "Neizdevās nolasīt failu {0}",
  "error_resource_load": "Neizdevās ielādēt resursu “{0}”",
  "error_resource_type_not_supported": "Resurss “{0}” nav ielādēts, jo {1} netiek atbalstīts.",
  "form_factor": "Formas faktors",
  "function_parameters": "Parametri",
  "harness_header": "PowerApps component framework testa vide",
  "invoke_method": "Izsaukta metode {0} interfeisā {1}.",
  "loading_control": "Notiek vadīklas ielāde…",
  "loading_harness": "Vadīklas izmantošanas ielāde…",
  "local_storage_exceeds_quota": "Tika sasniegts maksimālais localStorage https://developer.mozilla.org/en-US/docs/Web/API/Web_Storage_API lielums. Tiks notīrītas visas iepriekš glabātās lietotāja ievades.",
  "local_storage_parse_error": "Neizdevās parsēt localStorage https://developer.mozilla.org/en-US/docs/Web/API/Web_Storage_API vērtības. Nav ieteicams manuāli rediģēt localStorage vērtības.",
  "message": "Ziņojums",
  "no_file_chosen": "nav izvēlēts neviens fails",
  "only_numbers_allowed": "Ir atļauts izmantot tikai pozitīvus veselus skaitļus",
  "out_of_range": "Vērtība ir ārpus diapazona: {0}–{1}",
  "phone": "Tālrunis",
  "property": "Rekvizīts",
  "property_missing_type": "Rekvizītam nav ne type-of, ne type-group atribūta",
  "resource_file_loaded": "Resursa fails \"{0}\" ir ielādēts.",
  "row": "Rinda",
  "select_a_file": "Atlasīt failu",
  "tablet": "Planšetdators",
  "type": "Tips",
  "unknown": "Nav zināms",
  "unknown_property_usage": "Rekvizītam ir nezināma atribūta “usage” vērtība",
  "unrecognized_type_group": "Rekvizīts atsaucas uz nezināmu type-group “{0}”",
  "unsupported_platform_action": "neatbalstīta action-type vērtība {0}",
  "use_ISO_format": "Izmantot ISO formātu",
  "value": "Vērtība",
  "web": "Tīmeklis"
}