{
  "apply": "Guna",
  "aria_label_data_file": "pilih fail untuk {0}, fail semasa: {1}",
  "choose_column": "Pilih Lajur",
  "choose_type": "Pilih Jenis",
  "column": "Lajur",
  "context_inputs": "Input konteks",
  "control_container_height": "Ketinggian Bekas Komponen",
  "control_container_width": "Kelebaran Bekas Komponen",
  "data_inputs": "Input Data",
  "data_outputs": "Output Data",
  "details": "Butiran",
  "enable_local_storage": "Sila dayakan localStorage dalam pelayar https://developer.mozilla.org/en-US/docs/Web/API/Web_Storage_API jika anda mahu mengekalkan input tersuai.",
  "error_code": "Kod Ralat",
  "error_http_get_resource": "DAPATKAN sumber '{0}' dikembalikan dengan status {1}",
  "error_parse_file": "Gagal menghuraikan fail {0}",
  "error_parse_resource_string": "Ralat semasa menghuraikan sumber '{0}'",
  "error_parsing_control_manifest": "Ralat Menghuraikan Manifes: Tidak dapat menghuraikan ControlManifest.xml.",
  "error_read_file": "Gagal membaca fail {0}",
  "error_resource_load": "Gagal memuatkan sumber '{0}'",
  "error_resource_type_not_supported": "Sumber '{0}' tidak dimuatkan kerana {1} tidak disokong.",
  "form_factor": "Faktor Bentuk",
  "function_parameters": "Parameter",
  "harness_header": "Persekitaran Ujian PowerApps component framework",
  "invoke_method": "Kaedah panggil {0} terhadap antara muka {1}.",
  "loading_control": "Memuatkan kawalan...",
  "loading_harness": "Memuatkan alat kawalan...",
  "local_storage_exceeds_quota": "Saiz maksimum localStorage https://developer.mozilla.org/en-US/docs/Web/API/Web_Storage_API telah dicapai - mengosongkan semua input pengguna yang disimpan sebelumnya.",
  "local_storage_parse_error": "Tidak dapat menguraikan nilai dalam localStorage https://developer.mozilla.org/en-US/docs/Web/API/Web_Storage_API. Sila elakkan daripada mengedit nilai dalam localStorage secara manual.",
  "message": "Mesej",
  "no_file_chosen": "tiada fail dipilih",
  "only_numbers_allowed": "Hanya nombor bulat positif dibenarkan",
  "out_of_range": "Nilai di luar julat: {0} hingga {1}",
  "phone": "Nombor Telefon",
  "property": "Sifat",
  "property_missing_type": "Sifat tidak mempunyai atribut type-of atau type-group",
  "resource_file_loaded": "Fail sumber '{0}' telah dimuatkan.",
  "row": "Baris",
  "select_a_file": "Pilih fail",
  "tablet": "Tablet",
  "type": "Jenis",
  "unknown": "Tidak Diketahui",
  "unknown_property_usage": "Sifat mempunyai nilai yang tidak diketahui untuk atribut usage",
  "unrecognized_type_group": "Sifat merujuk kepada type-group yang tidak diketahui '{0}'",
  "unsupported_platform_action": "nilai action-type tidak disokong {0}",
  "use_ISO_format": "Gunakan format ISO",
  "value": "Nilai",
  "web": "Web"
}