{
  "apply": "Aplicar",
  "aria_label_data_file": "selecione um arquivo para {0}, arquivo atual: {1}",
  "choose_column": "Escolher uma Coluna",
  "choose_type": "Escolher um Tipo",
  "column": "Coluna",
  "context_inputs": "Entradas de Contexto",
  "control_container_height": "Altura do Contêiner de Componentes",
  "control_container_width": "Largura do Contêiner de Componentes",
  "data_inputs": "Entradas de Dados",
  "data_outputs": "Saídas de Dados",
  "details": "Detalhes",
  "enable_local_storage": "Habilite o localStorage no seu navegador https://developer.mozilla.org/en-US/docs/Web/API/Web_Storage_API se você quiser manter as entradas personalizadas.",
  "error_code": "Código de Erro",
  "error_http_get_resource": "Recurso GET \"{0}\" retornado com status {1}",
  "error_parse_file": "Falha ao analisar arquivo {0}",
  "error_parse_resource_string": "Erro ao analisar recurso \"{0}\"",
  "error_parsing_control_manifest": "Erro de Análise do Manifesto: não é possível analisar ControlManifest.xml.",
  "error_read_file": "Falha ao ler arquivo {0}",
  "error_resource_load": "Falha ao carregar recurso \"{0}\"",
  "error_resource_type_not_supported": "O recurso \"{0}\" não foi carregado {1} porque ele não é suportado.",
  "form_factor": "Fator Forma",
  "function_parameters": "Parâmetros",
  "harness_header": "Ambiente de Teste do PowerApps component framework",
  "invoke_method": "Método {0} invocado na interface {1}.",
  "loading_control": "Carregando controle...",
  "loading_harness": "Carregando agente de controle...",
  "local_storage_exceeds_quota": "O tamanho máximo do localStorage https://developer.mozilla.org/en-US/docs/Web/API/Web_Storage_API foi atingido. Limpando todas as entradas do usuário armazenadas anteriormente.",
  "local_storage_parse_error": "Não foi possível analisar os valores no localStorage https://developer.mozilla.org/en-US/docs/Web/API/Web_Storage_API. Evite editar manualmente os valores dele.",
  "message": "Mensagem",
  "no_file_chosen": "nenhum arquivo escolhido",
  "only_numbers_allowed": "Somente números inteiros positivos são permitidos",
  "out_of_range": "Valor fora do intervalo: {0} até {1}",
  "phone": "Telefone",
  "property": "Propriedade",
  "property_missing_type": "A propriedade não tem os atributos type-of e type-group",
  "resource_file_loaded": "Arquivo de recurso \"{0}\" carregado.",
  "row": "Linha",
  "select_a_file": "Selecionar um arquivo",
  "tablet": "Tablet",
  "type": "Tipo",
  "unknown": "Desconhecido",
  "unknown_property_usage": "A propriedade tem um valor desconhecido para o atributo \"usage\"",
  "unrecognized_type_group": "A propriedade faz referência a type-group \"{0}\"",
  "unsupported_platform_action": "valor de action-type {0} sem suporte",
  "use_ISO_format": "Usar formato ISO",
  "value": "Valor",
  "web": "Web"
}