{
  "apply": "Aplicare",
  "aria_label_data_file": "selectați un fișier pentru {0}, fișier curent: {1}",
  "choose_column": "Alegeți o coloană",
  "choose_type": "Alegeți un tip",
  "column": "Coloană",
  "context_inputs": "Intrări context",
  "control_container_height": "Înălțime container componente",
  "control_container_width": "Lățime container componente",
  "data_inputs": "Intrări de date",
  "data_outputs": "Ieșiri de date",
  "details": "Detalii",
  "enable_local_storage": "Activați localStorage în browser https://developer.mozilla.org/en-US/docs/Web/API/Web_Storage_API dacă doriți să păstrați intrările particularizate.",
  "error_code": "Cod eroare",
  "error_http_get_resource": "Operațiunea GET pentru resursa „{0}” s-a returnat cu starea {1}",
  "error_parse_file": "Nu s-a putut analiza fișierul {0}",
  "error_parse_resource_string": "Eroare la analizarea resursei „{0}”",
  "error_parsing_control_manifest": "Eroare de analizare a manifestului: nu se poate analiza ControlManifest.xml.",
  "error_read_file": "Nu s-a putut citi fișierul {0}",
  "error_resource_load": "Nu s-a putut încărca resursa „{0}”",
  "error_resource_type_not_supported": "Resursa „{0}” nu s-a încărcat, deoarece {1} nu este acceptat.",
  "form_factor": "Factor de formă",
  "function_parameters": "Parametri",
  "harness_header": "Mediul de testare PowerApps Component Framework",
  "invoke_method": "S-a invocat metoda {0} pe interfața {1}.",
  "loading_control": "Se încarcă controlul...",
  "loading_harness": "Se încarcă valorificarea controlului...",
  "local_storage_exceeds_quota": "S-a atins dimensiunea maximă a localStorage https://developer.mozilla.org/en-US/docs/Web/API/Web_Storage_API – se golesc toate intrările utilizatorilor stocate anterior.",
  "local_storage_parse_error": "Nu s-au putut analiza valorile din localStorage https://developer.mozilla.org/en-US/docs/Web/API/Web_Storage_API. Evitați editarea manuală a valorilor din localStorage.",
  "message": "Mesaj",
  "no_file_chosen": "niciun fișier ales",
  "only_numbers_allowed": "Sunt permise numai numere întregi pozitive",
  "out_of_range": "Valoare în afara intervalului: de la {0} la {1}",
  "phone": "Număr de telefon",
  "property": "Proprietate",
  "property_missing_type": "Proprietatea nu are niciun atribut type-of și nici type-group",
  "resource_file_loaded": "Fișierul de resurse „{0}” a fost încărcat.",
  "row": "Rând",
  "select_a_file": "Selectați un fișier",
  "tablet": "Tabletă",
  "type": "Tip",
  "unknown": "Necunoscut",
  "unknown_property_usage": "Proprietatea are o valoare necunoscută pentru atributul usage",
  "unrecognized_type_group": "Proprietatea face referire la un type-group „{0}” necunoscut",
  "unsupported_platform_action": "valoare {0} action-type neacceptată",
  "use_ISO_format": "Utilizați formatul ISO",
  "value": "Valoare",
  "web": "Web"
}