{
  "apply": "Uporabi",
  "aria_label_data_file": "izberite datoteko za {0}, trenutna datoteka: {1}",
  "choose_column": "Izberite stolpec",
  "choose_type": "Izberite vrsto",
  "column": "Stolpec",
  "context_inputs": "Kontekstni vnosi",
  "control_container_height": "Višina vsebnika komponente",
  "control_container_width": "Širina vsebnika komponente",
  "data_inputs": "Vnosi podatkov",
  "data_outputs": "Izhodi podatkov",
  "details": "Podrobnosti",
  "enable_local_storage": "Če želite ohraniti prilagojene vnose, v brskalniku omogočite localStorage https://developer.mozilla.org/en-US/docs/Web/API/Web_Storage_API.",
  "error_code": "Koda napake",
  "error_http_get_resource": "Vir GET »{0}« se je vrnil s stanjem {1}",
  "error_parse_file": "Datoteke {0} ni bilo mogoče razčleniti",
  "error_parse_resource_string": "Napaka pri razčlenjevanju vira »{0}«",
  "error_parsing_control_manifest": "Napaka pri razčlenjevanju manifesta: ControlManifest.xml ni mogoče razčleniti.",
  "error_read_file": "Datoteke {0} ni bilo mogoče prebrati",
  "error_resource_load": "Vira »{0}« ni bilo mogoče naložiti",
  "error_resource_type_not_supported": "Vir »{0}« ni naložen, ker ni podpore za {1}.",
  "form_factor": "Dimenzije",
  "function_parameters": "Parametri",
  "harness_header": "Preskusno okolje za PowerApps component framework",
  "invoke_method": "Sprožena metoda {0} na vmesniku {1}.",
  "loading_control": "Nalaganje kontrolnika ...",
  "loading_harness": "Nalaganje okvira kontrolnika ...",
  "local_storage_exceeds_quota": "Dosežena je največja velikost za localStorage https://developer.mozilla.org/en-US/docs/Web/API/Web_Storage_API – vsi prej shranjeni uporabniški vnosi bodo izbrisani.",
  "local_storage_parse_error": "Vrednosti v localStorage https://developer.mozilla.org/en-US/docs/Web/API/Web_Storage_API ni mogoče razčleniti. Vrednosti v localStorage ne urejajte ročno.",
  "message": "Sporočilo",
  "no_file_chosen": "izbrana ni nobena datoteka",
  "only_numbers_allowed": "Dovoljena so samo pozitivna cela števila",
  "out_of_range": "Vrednost je zunaj obsega: {0}–{1}",
  "phone": "Telefon",
  "property": "Lastnost",
  "property_missing_type": "Lastnost nima niti atributa type-of niti type-group",
  "resource_file_loaded": "Datoteka vira »{0}« je naložena.",
  "row": "Vrstica",
  "select_a_file": "Izberite datoteko",
  "tablet": "Tablični računalnik",
  "type": "Vrsta",
  "unknown": "Neznano",
  "unknown_property_usage": "Lastnost ima neznano vrednost za atribut »usage«",
  "unrecognized_type_group": "Lastnost se sklicuje na neznano type-group »{0}«",
  "unsupported_platform_action": "nepodprta vrednost za action-type {0}",
  "use_ISO_format": "Uporabi obliko ISO",
  "value": "Vrednost",
  "web": "Splet"
}