{
  "apply": "Aplicar",
  "aria_label_data_file": "selecione um ficheiro para {0}, ficheiro atual: {1}",
  "choose_column": "Escolher uma Coluna",
  "choose_type": "Escolher um Tipo",
  "column": "Coluna",
  "context_inputs": "Entradas de Contexto",
  "control_container_height": "Altura do Contentor do Componente",
  "control_container_width": "Largura do Contentor do Componente",
  "data_inputs": "Entradas de Dados",
  "data_outputs": "Saídas de Dados",
  "details": "Detalhes",
  "enable_local_storage": "Ative localStorage no browser https://developer.mozilla.org/en-US/docs/Web/API/Web_Storage_API se pretender preservar as entradas personalizadas.",
  "error_code": "Código de Erro",
  "error_http_get_resource": "GET recurso \"{0}\" devolveu o estado {1}",
  "error_parse_file": "Falha ao analisar o ficheiro {0}",
  "error_parse_resource_string": "Erro ao analisar o recurso \"{0}\"",
  "error_parsing_control_manifest": "Erro de Análise de Manifesto: não é possível analisar ControlManifest.xml.",
  "error_read_file": "Falha ao ler o ficheiro {0}",
  "error_resource_load": "Falha ao carregar o recurso \"{0}\"",
  "error_resource_type_not_supported": "O recurso \"{0}\" não foi carregado porque {1} não é suportado.",
  "form_factor": "Fator de Forma",
  "function_parameters": "Parâmetros",
  "harness_header": "Ambiente de Teste do PowerApps component framework",
  "invoke_method": "Foi invocado o método {0} na interface {1}.",
  "loading_control": "A carregar o controlo...",
  "loading_harness": "A carregar a estrutura de controlo...",
  "local_storage_exceeds_quota": "Alcançou o tamanho máximo de localStorage https://developer.mozilla.org/en-US/docs/Web/API/Web_Storage_API - a limpar todas as entradas do utilizador armazenadas anteriormente.",
  "local_storage_parse_error": "Não foi possível analisar os valores em localStorage https://developer.mozilla.org/en-US/docs/Web/API/Web_Storage_API. Evite editar manualmente valores em localStorage.",
  "message": "Mensagem",
  "no_file_chosen": "não foi escolhido nenhum ficheiro",
  "only_numbers_allowed": "Só são permitidos números inteiros",
  "out_of_range": "Valor fora do intervalo: {0} a {1}",
  "phone": "Telefone",
  "property": "Propriedade",
  "property_missing_type": "A propriedade não tem um atributo type-of ou type-group",
  "resource_file_loaded": "O ficheiro de recursos \"{0}\" foi carregado.",
  "row": "Linha",
  "select_a_file": "Selecionar um ficheiro",
  "tablet": "Tablet",
  "type": "Tipo",
  "unknown": "Desconhecido",
  "unknown_property_usage": "A propriedade tem um valor desconhecido para o atributo usage",
  "unrecognized_type_group": "A propriedade referencia um type-group desconhecido \"{0}\"",
  "unsupported_platform_action": "valor de action-type não suportado {0}",
  "use_ISO_format": "Utilizar formato ISO",
  "value": "Valor",
  "web": "Web"
}