{
  "apply": "تطبيق‬",
  "aria_label_data_file": "حدد ملفًا لمجموعة البيانات {0}، الملف الحالي: {1}",
  "choose_column": "اختيار عمود",
  "choose_type": "اختيار نوع",
  "column": "عمود",
  "context_inputs": "مدخلات السياق",
  "control_container_height": "ارتفاع حاوية المكون",
  "control_container_width": "عرض حاوية المكون",
  "data_inputs": "مدخلات البيانات",
  "data_outputs": "مخرجات البيانات",
  "details": "التفاصيل",
  "enable_local_storage": "يرجى تمكين localStorage في المستعرض https://developer.mozilla.org/en-US/docs/Web/API/Web_Storage_API إذا أردت المحافظة على الإدخالات المخصصة.",
  "error_code": "رمز الخطأ",
  "error_http_get_resource": "المورد GET '{0}' مرتجع مع الحالة {1}",
  "error_parse_file": "فشل تحليل الملف {0}",
  "error_parse_resource_string": "خطأ في تحليل المورد '{0}'",
  "error_parsing_control_manifest": "خطأ في تحليل البيان: لا يمكن تحليل ControlManifest.xml.",
  "error_read_file": "فشل قراءة الملف {0}",
  "error_resource_load": "فشل تحميل المورد '{0}'",
  "error_resource_type_not_supported": "لم يتم تحميل المورد '{0}' لأن {1} غير مدعوم.",
  "form_factor": "عامل التصميم",
  "function_parameters": "معلمات",
  "harness_header": "بيئة اختبار PowerApps component framework",
  "invoke_method": "تم استدعاء الأسلوب {0} على الواجهة {1}.",
  "loading_control": "جارٍ تحميل عنصر التحكم...",
  "loading_harness": "جارٍ تحميل أداة التحكم...",
  "local_storage_exceeds_quota": "تم الوصول إلى الحد الأقصى لحجم localStorage https://developer.mozilla.org/en-US/docs/Web/API/Web_Storage_API - يجري مسح جميع إدخالات المستخدم التي تم تخزينها في وقت سابق.",
  "local_storage_parse_error": "تعذر تحليل القيم في localStorage https://developer.mozilla.org/en-US/docs/Web/API/Web_Storage_API. الرجاء تجنب تحرير القيم يدويًا في localStorage.",
  "message": "الرسالة",
  "no_file_chosen": "لم يتم اختيار أي ملف",
  "only_numbers_allowed": "يُسمح بالأعداد الصحيحة الموجبة فقط",
  "out_of_range": "‏‏القيمة خارج النطاق: {0} إلى {1}",
  "phone": "هاتف",
  "property": "الخاصية",
  "property_missing_type": "ليس لدى الخاصية سمة type-of أو سمة type-group",
  "resource_file_loaded": "تم تحميل ملف المورد '{0}'.",
  "row": "الصف",
  "select_a_file": "تحديد ملف",
  "tablet": "كمبيوتر لوحي",
  "type": "النوع",
  "unknown": "‏‏غير معروف",
  "unknown_property_usage": "لدى الخاصية قيمة غير معروفة لسمة usage",
  "unrecognized_type_group": "تشير الخاصية إلى type-group '{0}' غير معروفة",
  "unsupported_platform_action": "قيمة action-type غير مدعومة {0}",
  "use_ISO_format": "استخدام تنسيق ISO",
  "value": "القيمة",
  "web": "الويب"
}