{
  "apply": "Appliquer",
  "aria_label_data_file": "sélectionner un fichier pour {0}, fichier actuel : {1}",
  "choose_column": "Choisir une colonne",
  "choose_type": "Choisir un type",
  "column": "Colonne",
  "context_inputs": "Entrées de contexte",
  "control_container_height": "Hauteur du conteneur de composants",
  "control_container_width": "Largeur du conteneur de composants",
  "data_inputs": "Entrées de données",
  "data_outputs": "Sorties de données",
  "details": "Détails",
  "enable_local_storage": "Veuillez activer localStorage dans votre navigateur https://developer.mozilla.org/en-US/docs/Web/API/Web_Storage_API si vous souhaitez conserver les entrées personnalisées.",
  "error_code": "Code d’erreur",
  "error_http_get_resource": "Ressource GET « {0} » renvoyée avec le statut {1}",
  "error_parse_file": "Échec d'analyse du fichier {0}",
  "error_parse_resource_string": "Erreur lors de l’analyse de la ressource « {0} »",
  "error_parsing_control_manifest": "Erreur d’analyse de Manifest : impossible d’analyser ControlManifest.xml.",
  "error_read_file": "Échec de lecture du fichier {0}",
  "error_resource_load": "Échec du chargement de la ressource « {0} »",
  "error_resource_type_not_supported": "La ressource « {0} » n’a pas été chargée, car {1} n’est pas pris(e) en charge.",
  "form_factor": "Facteur de forme",
  "function_parameters": "Paramètres",
  "harness_header": "Environnement de test de PowerApps component framework",
  "invoke_method": "Méthode invoquée {0} sur l’interface {1}.",
  "loading_control": "Chargement du contrôle...",
  "loading_harness": "Chargement du faisceau de contrôle...",
  "local_storage_exceeds_quota": "Taille maximale de localStorage atteinte https://developer.mozilla.org/en-US/docs/Web/API/Web_Storage_API - Effacez toutes les entrées utilisateur précédemment stockées.",
  "local_storage_parse_error": "Impossible d’analyser les valeurs dans localStorage https://developer.mozilla.org/en-US/docs/Web/API/Web_Storage_API. Évitez de modifier manuellement les valeurs dans localStorage.",
  "message": "Message",
  "no_file_chosen": "aucun fichier choisi",
  "only_numbers_allowed": "Seuls les nombres entiers positifs sont autorisés",
  "out_of_range": "Valeur en dehors de la plage : {0} à {1}",
  "phone": "Téléphone",
  "property": "Propriété",
  "property_missing_type": "La propriété n’a pas l’attribut type-of ni type-group",
  "resource_file_loaded": "Fichier de ressources « {0} » chargé.",
  "row": "Ligne",
  "select_a_file": "Sélectionner un fichier",
  "tablet": "Tablette",
  "type": "Type",
  "unknown": "Inconnu",
  "unknown_property_usage": "La propriété a une valeur inconnue pour l’attribut usage",
  "unrecognized_type_group": "La propriété fait référence à un type-group « {0} » inconnu",
  "unsupported_platform_action": "valeur action-type non prise en charge {0}",
  "use_ISO_format": "Utiliser le format ISO",
  "value": "Valeur",
  "web": "Web"
}