{
  "apply": "Toepassen",
  "aria_label_data_file": "selecteer een bestand voor {0}, huidige bestand: {1}",
  "choose_column": "Een kolom kiezen",
  "choose_type": "Een type kiezen",
  "column": "Kolom",
  "context_inputs": "Contextingangen",
  "control_container_height": "Hoogte van onderdeelcontainer",
  "control_container_width": "Breedte van onderdeelcontainer",
  "data_inputs": "Gegevensingangen",
  "data_outputs": "Gegevensuitgangen",
  "details": "Details",
  "enable_local_storage": "Schakel localStorage in uw browser https://developer.mozilla.org/en-US/docs/Web/API/Web_Storage_API in als u aangepaste invoer wilt behouden.",
  "error_code": "Foutcode",
  "error_http_get_resource": "GET-resource '{0}' geretourneerd met status {1}",
  "error_parse_file": "Parseren van bestand {0} mislukt",
  "error_parse_resource_string": "Fout bij parseren van resource '{0}'",
  "error_parsing_control_manifest": "Fout bij parseren van manifest: kan ControlManifest.xml niet parseren.",
  "error_read_file": "Lezen van bestand {0} mislukt",
  "error_resource_load": "Laden van resource '{0}' mislukt",
  "error_resource_type_not_supported": "Resource '{0}' niet geladen omdat {1} niet wordt ondersteund.",
  "form_factor": "Formulierfactor",
  "function_parameters": "Parameters",
  "harness_header": "Testomgeving voor PowerApps component framework",
  "invoke_method": "Aangeroepen methode {0} in interface {1}.",
  "loading_control": "Besturingselement wordt geladen...",
  "loading_harness": "Besturingsharnas wordt geladen...",
  "local_storage_exceeds_quota": "De maximale grootte van localStorage https://developer.mozilla.org/en-US/docs/Web/API/Web_Storage_API is bereikt. Alle eerder opgeslagen gebruikersinvoer wordt gewist.",
  "local_storage_parse_error": "Er kunnen geen waarden worden geparseerd in localStorage https://developer.mozilla.org/en-US/docs/Web/API/Web_Storage_API. Vermijd het handmatig bewerken van waarden in localStorage.",
  "message": "Bericht",
  "no_file_chosen": "geen bestand gekozen",
  "only_numbers_allowed": "Alleen positieve gehele getallen toegestaan",
  "out_of_range": "Waarde buiten bereik: {0} tot {1}",
  "phone": "Telefoonnummer",
  "property": "Eigenschap",
  "property_missing_type": "Eigenschap heeft geen kenmerk type-of of type-group",
  "resource_file_loaded": "Resourcebestand '{0}' geladen.",
  "row": "Rij",
  "select_a_file": "Een bestand selecteren",
  "tablet": "Tablet",
  "type": "Type",
  "unknown": "Onbekend",
  "unknown_property_usage": "Eigenschap heeft een onbekende waarde voor het kenmerk usage",
  "unrecognized_type_group": "Eigenschap verwijst naar een onbekend type-group '{0}'",
  "unsupported_platform_action": "waarde niet-ondersteund action-type {0}",
  "use_ISO_format": "ISO-indeling gebruiken",
  "value": "Waarde",
  "web": "Web"
}