{
  "apply": "Aplicar",
  "aria_label_data_file": "seleccione un ficheiro para {0}, ficheiro actual: {1}",
  "choose_column": "Escoller unha columna",
  "choose_type": "Escoller un tipo",
  "column": "Columna",
  "context_inputs": "Entradas de contexto",
  "control_container_height": "Altura do contedor do compoñente",
  "control_container_width": "Largura do contedor do compoñente",
  "data_inputs": "Entradas de datos",
  "data_outputs": "Saídas de datos",
  "details": "Detalles",
  "enable_local_storage": "Active localStorage no seu explorador https://developer.mozilla.org/en-US/docs/Web/API/Web_Storage_API se quere conservar as entradas personalizadas.",
  "error_code": "Código de erro",
  "error_http_get_resource": "OBTER recurso '{0}' devolveuse co estado {1}",
  "error_parse_file": "Erro ao analizar o ficheiro {0}",
  "error_parse_resource_string": "Erro ao analizar o recurso '{0}'",
  "error_parsing_control_manifest": "Erro de análise do manifesto: non se pode analizar ControlManifest.xml.",
  "error_read_file": "Erro ao ler o ficheiro {0}",
  "error_resource_load": "Erro ao cargar o recurso '{0}'",
  "error_resource_type_not_supported": "O recurso '{0}' non se cargou porque {1} non é compatible.",
  "form_factor": "Factor de forma",
  "function_parameters": "Parámetros",
  "harness_header": "Ambiente de proba de PowerApps component framework",
  "invoke_method": "Método {0} invocado na interface {1}.",
  "loading_control": "Cargando control...",
  "loading_harness": "Cargando o aproveitamento do control...",
  "local_storage_exceeds_quota": "Alcanzouse o tamaño máximo de localStorage https://developer.mozilla.org/en-US/docs/Web/API/Web_Storage_API; limpando todas as entradas dos usuarios almacenadas previamente.",
  "local_storage_parse_error": "Non se puideron analizar os valores en localStorage https://developer.mozilla.org/en-US/docs/Web/API/Web_Storage_API. Evite editar manualmente os valores en localStorage.",
  "message": "Mensaxe",
  "no_file_chosen": "non se elixiu ningún ficheiro",
  "only_numbers_allowed": "Só se permiten números enteiros positivos",
  "out_of_range": "Valor fóra do intervalo: de {0} a {1}",
  "phone": "Teléfono",
  "property": "Propiedade",
  "property_missing_type": "A propiedade non ten os atributos type-of ou type-group",
  "resource_file_loaded": "Cargouse o ficheiro de recursos '{0}'.",
  "row": "Fila",
  "select_a_file": "Seleccionar un ficheiro",
  "tablet": "Tableta",
  "type": "Tipo",
  "unknown": "Descoñecido",
  "unknown_property_usage": "A propiedade ten un valor descoñecido para o atributo usage",
  "unrecognized_type_group": "A propiedade fai referencia a un type-group '{0}' descoñecido",
  "unsupported_platform_action": "valor de action-type {0} non compatible",
  "use_ISO_format": "Usar o formato ISO",
  "value": "Valor",
  "web": "Web"
}