{
  "apply": "Použiť",
  "aria_label_data_file": "vyberte súbor pre {0}, aktuálny súbor: {1}",
  "choose_column": "Vybrať stĺpec",
  "choose_type": "Vybrať typ",
  "column": "Stĺpec",
  "context_inputs": "Kontextové vstupy",
  "control_container_height": "Výška kontajnera súčastí",
  "control_container_width": "Šírka kontajnera súčastí",
  "data_inputs": "Vstupy údajov",
  "data_outputs": "Výstupy údajov",
  "details": "Podrobnosti",
  "enable_local_storage": "Ak chcete zachovať prispôsobené vstupy, povoľte v rozhraní https://developer.mozilla.org/en-US/docs/Web/API/Web_Storage_API prehliadača možnosť localStorage.",
  "error_code": "Kód chyby",
  "error_http_get_resource": "Zdroj GET {0} sa vrátil so stavom {1}",
  "error_parse_file": "Nepodarilo sa analyzovať súbor {0}",
  "error_parse_resource_string": "Chyba pri analýze zdroja {0}",
  "error_parsing_control_manifest": "Chyba pri analýze manifestu: ControlManifest.xml sa nedá analyzovať.",
  "error_read_file": "Nepodarilo sa prečítať súbor {0}",
  "error_resource_load": "Nepodarilo sa načítať zdroj {0}",
  "error_resource_type_not_supported": "Zdroj {0} sa nenačítal, pretože prípona {1} sa nepodporuje.",
  "form_factor": "Faktor formulára",
  "function_parameters": "Parametre",
  "harness_header": "Testovacie prostredie pre PowerApps component framework",
  "invoke_method": "Bola vyvolaná metóda {0} v rozhraní {1}.",
  "loading_control": "Načítava sa ovládací prvok...",
  "loading_harness": "Načítava sa využitie ovládacieho prvku...",
  "local_storage_exceeds_quota": "Dosiahla sa maximálna veľkosť úložiska localStorage https://developer.mozilla.org/en-US/docs/Web/API/Web_Storage_API – prebieha vymazávanie všetkých predtým uložených vstupov používateľa.",
  "local_storage_parse_error": "Nepodarilo sa analyzovať hodnoty v úložisku localStorage https://developer.mozilla.org/en-US/docs/Web/API/Web_Storage_API. Nepoužívajte manuálnu úpravu hodnôt v úložisku localStorage.",
  "message": "Hlásenie",
  "no_file_chosen": "nie je vybratý žiadny súbor",
  "only_numbers_allowed": "Povolené sú len celé kladné čísla",
  "out_of_range": "Hodnota mimo rozsahu: {0} až {1}",
  "phone": "Telefón",
  "property": "Vlastnosť",
  "property_missing_type": "Vlastnosť nemá ani atribút type-of, ani type-group",
  "resource_file_loaded": "Načítal sa súbor zdrojov {0}.",
  "row": "Riadok",
  "select_a_file": "Vybrať súbor",
  "tablet": "Tablet",
  "type": "Typ",
  "unknown": "Neznáme",
  "unknown_property_usage": "Vlastnosť má neznámu hodnotu pre atribút usage",
  "unrecognized_type_group": "Vlastnosť odkazuje na neznámu skupinu type-group {0}",
  "unsupported_platform_action": "nepodporovaná hodnota action-type {0}",
  "use_ISO_format": "Použiť formát ISO",
  "value": "Hodnota",
  "web": "Web"
}