{
  "apply": "Zastosuj",
  "aria_label_data_file": "wybierz plik dla elementu {0}; bieżący plik: {1}",
  "choose_column": "Wybierz kolumnę",
  "choose_type": "Wybierz typ",
  "column": "Kolumna",
  "context_inputs": "Dane wejściowe kontekstu",
  "control_container_height": "Wysokość kontenera składników",
  "control_container_width": "Szerokość kontenera składników",
  "data_inputs": "Wejścia danych",
  "data_outputs": "Wyjścia danych",
  "details": "Szczegóły",
  "enable_local_storage": "Włącz w przeglądarce obiekt localStorage (https://developer.mozilla.org/en-US/docs/Web/API/Web_Storage_API), jeśli chcesz zachować dostosowane dane wejściowe.",
  "error_code": "Kod błędu",
  "error_http_get_resource": "Polecenie GET dotyczące zasobu „{0}” spowodowało zwrócenie stanu {1}",
  "error_parse_file": "Nie można przeanalizować pliku {0}",
  "error_parse_resource_string": "Błąd podczas analizowania zasobu „{0}”",
  "error_parsing_control_manifest": "Błąd analizowania manifestu: nie można przeanalizować pliku ControlManifest.xml.",
  "error_read_file": "Nie można odczytać pliku {0}",
  "error_resource_load": "Nie można załadować zasobu „{0}”",
  "error_resource_type_not_supported": "Zasób „{0}” nie został załadowany, ponieważ rozszerzenie {1} nie jest obsługiwane.",
  "form_factor": "Kształt",
  "function_parameters": "Parametry",
  "harness_header": "Środowisko testowe struktury PowerApps component framework",
  "invoke_method": "Wywołano metodę {0} w interfejsie {1}.",
  "loading_control": "Trwa ładowanie kontrolki...",
  "loading_harness": "Trwa ładowanie kontrolera kontrolek...",
  "local_storage_exceeds_quota": "Osiągnięto maksymalny rozmiar obiektu localStorage (https://developer.mozilla.org/en-US/docs/Web/API/Web_Storage_API) — trwa czyszczenie wszystkich uprzednio zapisanych danych wprowadzonych przez użytkownika.",
  "local_storage_parse_error": "Nie można przeanalizować wartości w obiekcie localStorage (https://developer.mozilla.org/en-US/docs/Web/API/Web_Storage_API). Unikaj ręcznego edytowania wartości w obiekcie localStorage.",
  "message": "Komunikat",
  "no_file_chosen": "nie wybrano pliku",
  "only_numbers_allowed": "Dozwolone są tylko dodatnie liczby całkowite",
  "out_of_range": "Wartość poza zakresem: od {0} do {1}",
  "phone": "Telefon",
  "property": "Właściwość",
  "property_missing_type": "Właściwość nie ma atrybutu type-of ani type-group",
  "resource_file_loaded": "Załadowano plik zasobów „{0}”.",
  "row": "Wiersz",
  "select_a_file": "Wybierz plik",
  "tablet": "Tablet",
  "type": "Typ",
  "unknown": "Nieznany",
  "unknown_property_usage": "Właściwość ma nieznaną wartość atrybutu usage.",
  "unrecognized_type_group": "Właściwość odwołuje się do nieznanej wartości atrybutu type-group „{0}”",
  "unsupported_platform_action": "nieobsługiwana wartość action-type {0}",
  "use_ISO_format": "Użyj formatu ISO",
  "value": "Wartość",
  "web": "Sieć Web"
}