{
  "apply": "Áp dụng",
  "aria_label_data_file": "chọn một tệp cho {0}, tệp hiện tại: {1}",
  "choose_column": "Chọn một Cột",
  "choose_type": "Chọn một Loại",
  "column": "Cột",
  "context_inputs": "Dữ liệu nhập về ngữ cảnh",
  "control_container_height": "Chiều cao bộ chứa thành phần",
  "control_container_width": "Chiều rộng bộ chứa thành phần",
  "data_inputs": "Dữ liệu nhập",
  "data_outputs": "Dữ liệu kết quả",
  "details": "Chi tiết",
  "enable_local_storage": "Vui lòng bật localStorage trong trình duyệt của bạn https://developer.mozilla.org/en-US/docs/Web/API/Web_Storage_API nếu bạn muốn bảo tồn đầu vào tùy chỉnh.",
  "error_code": "Mã lỗi",
  "error_http_get_resource": "Đã trả về tài nguyên TẢI '{0}' với trạng thái {1}",
  "error_parse_file": "Không phân tích được cú pháp của tệp {0}",
  "error_parse_resource_string": "Lỗi khi phân tích cú pháp tài nguyên '{0}'",
  "error_parsing_control_manifest": "Lỗi khi phân tích cú pháp tệp kê khai: Không thể phân tích cú pháp ControlManifest.xml.",
  "error_read_file": "Không đọc được tệp {0}",
  "error_resource_load": "Không tải được tài nguyên '{0}'",
  "error_resource_type_not_supported": "Tài nguyên '{0}' không được tải vì {1} không được hỗ trợ.",
  "form_factor": "Nhân tố biểu mẫu",
  "function_parameters": "Tham số",
  "harness_header": "Môi trường kiểm tra PowerApps component framework",
  "invoke_method": "Phương thức được gọi {0} trên giao diện {1}.",
  "loading_control": "Đang tải kiểm soát...",
  "loading_harness": "Đang tải khai thác kiểm soát...",
  "local_storage_exceeds_quota": "Đạt kích thước tối đa của localStorage https://developer.mozilla.org/en-US/docs/Web/API/Web_Storage_API - xóa tất cả các đầu vào người dùng được lưu trữ trước đó.",
  "local_storage_parse_error": "Không thể phân tích giá trị trong localStorage https://developer.mozilla.org/en-US/docs/Web/API/Web_Storage_API. Vui lòng tránh chỉnh sửa thủ công các giá trị trong localStorage.",
  "message": "Tin nhắn",
  "no_file_chosen": "chưa chọn tệp nào",
  "only_numbers_allowed": "Chỉ được phép sử dụng số nguyên dương",
  "out_of_range": "Giá trị nằm ngoài phạm vi: {0} đến {1}",
  "phone": "Số điện thoại",
  "property": "Thuộc tính",
  "property_missing_type": "Tài sản không có thuộc tính type-of và type-group",
  "resource_file_loaded": "Đã tải tệp tài nguyên '{0}'.",
  "row": "Hàng",
  "select_a_file": "Chọn một tệp",
  "tablet": "Máy tính bảng",
  "type": "Loại",
  "unknown": "Không xác định",
  "unknown_property_usage": "Thuộc tính có một giá trị không xác định cho thuộc tính usage",
  "unrecognized_type_group": "Thuộc tính tham chiếu type-group '{0}' không xác định",
  "unsupported_platform_action": "giá trị action-type không được hỗ trợ {0}",
  "use_ISO_format": "Sử dụng định dạng ISO",
  "value": "Giá trị",
  "web": "Web"
}