{
  "apply": "Uygula",
  "aria_label_data_file": "{0} için bir dosya seçin, geçerli dosya: {1}",
  "choose_column": "Sütun Seç",
  "choose_type": "Tür Seç",
  "column": "Sütun",
  "context_inputs": "Bağlam Girişleri",
  "control_container_height": "Bileşen Kapsayıcısı Yüksekliği",
  "control_container_width": "Bileşen Kapsayıcısı Genişliği",
  "data_inputs": "Veri Girişleri",
  "data_outputs": "Veri Çıkışları",
  "details": "Ayrıntılar",
  "enable_local_storage": "Özelleştirilmiş girişleri korumak istiyorsanız tarayıcınızda https://developer.mozilla.org/en-US/docs/Web/API/Web_Storage_API yerel depoyu etkinleştirin.",
  "error_code": "Hata Kodu",
  "error_http_get_resource": "\"{0}\" GET kaynağı {1} durumuyla geri döndü",
  "error_parse_file": "{0} dosyası ayrıştırılamadı",
  "error_parse_resource_string": "\"{0}\" kaynağı ayrıştırılırken hata oluştu",
  "error_parsing_control_manifest": "Bildirim Ayrıştırma Hatası: ControlManifest.xml ayrıştırılamıyor.",
  "error_read_file": "{0} dosyası okunamadı",
  "error_resource_load": "\"{0}\" kaynağı yüklenemedi",
  "error_resource_type_not_supported": "{1} desteklenmediğinden \"{0}\" kaynağı yüklenemedi.",
  "form_factor": "Form Faktörü",
  "function_parameters": "Parametreler",
  "harness_header": "PowerApps component framework Test Ortamı",
  "invoke_method": "{1} arabiriminde {0} yöntemi çağrıldı.",
  "loading_control": "Denetim yükleniyor...",
  "loading_harness": "Denetim demeti yükleniyor...",
  "local_storage_exceeds_quota": "Yerel depo boyutu üst sınırına ulaşıldı https://developer.mozilla.org/en-US/docs/Web/API/Web_Storage_API: Daha önce depolanan tüm kullanıcı girişleri temizleniyor.",
  "local_storage_parse_error": "Yerel depodaki değerler ayrıştırılamadı https://developer.mozilla.org/en-US/docs/Web/API/Web_Storage_API. Yerel depodaki değerleri el ile düzenlemekten kaçının.",
  "message": "İleti",
  "no_file_chosen": "dosya seçilmedi",
  "only_numbers_allowed": "Yalnızca pozitif tamsayılara izin verilir",
  "out_of_range": "Değer {0} ve {1} aralığı dışında",
  "phone": "Telefon",
  "property": "Özellik",
  "property_missing_type": "Özellik type-of veya type-group özniteliğine sahip değil",
  "resource_file_loaded": "\"{0}\" kaynak dosyası yüklendi.",
  "row": "Satır",
  "select_a_file": "Dosya seç",
  "tablet": "Tablet",
  "type": "Tür",
  "unknown": "Bilinmiyor",
  "unknown_property_usage": "Özellik, usage özniteliği için bilinmeyen bir değere sahip",
  "unrecognized_type_group": "Özellik bilinmeyen bir type-group \"{0}\" öğesine başvuruyor",
  "unsupported_platform_action": "desteklenmeyen action-type değeri {0}",
  "use_ISO_format": "ISO biçimini kullan",
  "value": "Değer",
  "web": "Web"
}