{
  "apply": "लागू करें",
  "aria_label_data_file": "{0} के लिए एक फ़ाइल चुनें, वर्तमान फ़ाइल: {1}",
  "choose_column": "एक स्तंभ चुनें",
  "choose_type": "एक प्रकार चुनें",
  "column": "स्तंभ",
  "context_inputs": "संदर्भ इनपुट",
  "control_container_height": "घटक कंटेनर की ऊँचाई",
  "control_container_width": "घटक कंटेनर की चौड़ाई",
  "data_inputs": "डेटा इनपुट",
  "data_outputs": "डेटा आउटपुट",
  "details": "विवरण",
  "enable_local_storage": "यदि आप अनुकूलित इनपुट को संरक्षित करना चाहते हैं, तो कृपया अपने ब्राउज़र में localStorage https://developer.mozilla.org/en-US/docs/Web/API/Web_Storage_API को सक्षम करें.",
  "error_code": "त्रुटि कोड",
  "error_http_get_resource": "स्थिति {1} के साथ लौटाया गया संसाधन '{0}' प्राप्त करें",
  "error_parse_file": "फ़ाइल {0} को पार्स करने में विफल रहा",
  "error_parse_resource_string": "संसाधन '{0}' पार्स करने के दौरान त्रुटि",
  "error_parsing_control_manifest": "सूची पार्स करने में त्रुटि: ControlManifest.xml को पार्स नहीं किया जा सकता.",
  "error_read_file": "फ़ाइल {0} को पढ़ने में विफल रहा",
  "error_resource_load": "संसाधन '{0}' लोड करने में विफल रहा",
  "error_resource_type_not_supported": "संसाधन '{0}' लोड नहीं हुआ, क्योंकि {1} समर्थित नहीं है.",
  "form_factor": "फ़ॉर्म फ़ैक्टर",
  "function_parameters": "पैरामीटर",
  "harness_header": "PowerApps component framework परीक्षण परिवेश",
  "invoke_method": "{1} इंटरफ़ेस पर इनवोक की गई विधि {0}.",
  "loading_control": "नियंत्रण लोड किया जा रहा है...",
  "loading_harness": "नियंत्रण हार्नेस लोड किया जा रहा है...",
  "local_storage_exceeds_quota": "पहले संग्रहित सभी उपयोगकर्ता इनपुट को साफ करते हुए - localStorage https://developer.mozilla.org/en-US/docs/Web/API/Web_Storage_API के अधिकतम आकार तक पहुँच गया.",
  "local_storage_parse_error": "localStorage https://developer.mozilla.org/en-US/docs/Web/API/Web_Storage_API में मान को पार्स नहीं किया जा सका. कृपया localStorage में मानों को मैन्युअल रूप से संपादित करने से बचें.",
  "message": "संदेश",
  "no_file_chosen": "कोई फ़ाइल चुनी नहीं गई",
  "only_numbers_allowed": "केवल सकारात्मक पूर्णांकों की अनुमति है",
  "out_of_range": "सीमा से बाहर मान: {0} से लेकर {1} तक",
  "phone": "फ़ोन",
  "property": "गुण",
  "property_missing_type": "गुण में ना तो type-of है, ना ही type-group एट्रिब्यूट है",
  "resource_file_loaded": "संसाधन फ़ाइल '{0}' लोड की गई.",
  "row": "पंक्ति",
  "select_a_file": "एक फ़ाइल चुनें",
  "tablet": "टेबलेट",
  "type": "प्रकार",
  "unknown": "अज्ञात",
  "unknown_property_usage": "usage एट्रिब्यूट के लिए गुण में एक अज्ञात मान है",
  "unrecognized_type_group": "गुण एक अज्ञात type-group '{0}' को संदर्भित करता है",
  "unsupported_platform_action": "असमर्थित action-type मान {0}",
  "use_ISO_format": "ISO स्वरूप का उपयोग करें",
  "value": "मान",
  "web": "वेब"
}