{
  "apply": "Bruk",
  "aria_label_data_file": "velg en fil for {0}, gjeldende fil: {1}",
  "choose_column": "Velg en kolonne",
  "choose_type": "Velg en type",
  "column": "Kolonne",
  "context_inputs": "Kontekstinndata",
  "control_container_height": "Høyde på komponentbeholder",
  "control_container_width": "Bredde på komponentbeholder",
  "data_inputs": "Inndata",
  "data_outputs": "Utdata",
  "details": "Detaljer",
  "enable_local_storage": "Aktiver localStorage i nettleseren https://developer.mozilla.org/en-US/docs/Web/API/Web_Storage_API hvis du vil beholde egendefinerte inndata.",
  "error_code": "Feilkode",
  "error_http_get_resource": "HENT ressurs {0} ble returnert med statusen {1}",
  "error_parse_file": "Kan ikke analysere filen {0}",
  "error_parse_resource_string": "Feil under analyse av ressursen {0}",
  "error_parsing_control_manifest": "Feil ved analyse av manifest: kan ikke analysere ControlManifest.xml.",
  "error_read_file": "Kan ikke lese filen {0}",
  "error_resource_load": "Kan ikke laste inn ressursen {0}",
  "error_resource_type_not_supported": "Ressursen {0} ble ikke lastet inn fordi {1} ikke støttes.",
  "form_factor": "Formfaktor",
  "function_parameters": "Parametere",
  "harness_header": "PowerApps component framework for testmiljø",
  "invoke_method": "Aktivert metode {0} i {1} grensesnitt.",
  "loading_control": "Laster inn kontroll ...",
  "loading_harness": "Laster inn kontrollutnyttelse ...",
  "local_storage_exceeds_quota": "Nådde maksimumsstørrelsen på localStorage https://developer.mozilla.org/en-US/docs/Web/API/Web_Storage_API. Fjerner alle tidligere lagrede brukerinndata.",
  "local_storage_parse_error": "Kan ikke analysere verdier i localStorage https://developer.mozilla.org/en-US/docs/Web/API/Web_Storage_API. Unngå å redigere verdier manuelt i localStorage.",
  "message": "Melding",
  "no_file_chosen": "ingen fil er valgt",
  "only_numbers_allowed": "Bare positive heltall er tillatt",
  "out_of_range": "Verdi utenfor gyldig område: {0} til {1}",
  "phone": "Telefon",
  "property": "Egenskap",
  "property_missing_type": "Egenskapen har verken type-of- eller type-group-attributtet",
  "resource_file_loaded": "Ressursfilen {0} er lastet inn.",
  "row": "Rad",
  "select_a_file": "Velg en fil",
  "tablet": "Nettbrett",
  "type": "Type",
  "unknown": "Ukjent",
  "unknown_property_usage": "Egenskapen har en ukjent verdi for usage-attributtet",
  "unrecognized_type_group": "Egenskapen refererer til en ukjent type-group {0}",
  "unsupported_platform_action": "ustøttet action-type-verdi {0}",
  "use_ISO_format": "Bruk ISO-format",
  "value": "Verdi",
  "web": "Web"
}